ttbid,kind,brand_name,class_type,alcohol_content,net_contents,bottler_name_address,country_of_origin,expect,notes
26208001000415,beer,SPACE JUICE,INDIA PALE ALE,ALC. 7.5% BY VOL,1 PINT,"SaltFire Brewing Co. Salt Lake City, Utah",,,"Single image, full can wrap. White text over a dark space photograph with an anglerfish illustration. MAJOR TOM'S sits above the brand in a smaller condensed face; SPACE JUICE is the largest text. The required line is small, at the bottom centre: 1 PINT | ALC. 7.5% BY VOL | INDIA PALE ALE. SaltFire logo top right is a brushed hand-drawn face. Brewer line top left in a condensed sans: Brewed and Packaged by SaltFire Brewing Co. Salt Lake City, Utah. Deposit text is vertical beside the barcode. Description calls it A NEIPA. · filed brand 'SPACE JUICE', class 'ALE', origin 'UTAH'"
26209001000006,import,JYFL,VODKA • MANGO • TEA,4.3% ALC. BY VOL.,331ml,"Joy Street Beverages Co, www.drinkjyfl.com",China,class_type=review,"Single flat can wrap (image 1). Brand is a heavy brush-stroke logo 'JYFL' stacked on two lines inside an open square frame; 'MANGO' in green below it. Class line 'VODKA • MANGO • TEA' is thin sans with green bullet separators. '4.3% ALC. BY VOL.' and '331ml' (small) centred at the bottom. Importer block ('Imported by Joy Street Beverages Co / www.drinkjyfl.com / Produced In China') is very small print beside the barcode; no street address printed. Pale green watercolour wave illustration above; left column of marketing copy also says 'JYFL MANGO'. · filed brand 'JYFL', class 'VODKA SPECIALTIES', origin 'CHINA'"
26210001000327,spirits,SUGAR HOUSE Distillery,SPECIALTY WHISKEY DISTILLED FROM BOURBON MASH,48% ALC/VOL 96 PROOF,750 mL,"SUGAR HOUSE DISTILLERY LLC, 2212 S. WEST TEMPLE, UNIT №14, SALT LAKE CITY, UT 84115",,class_type=review,"Image 1 (2000x1457) is the front: a cream shield with 'SUGAR HOUSE' in large cream serif caps on navy, 'Distillery' in gold script beneath it and 'SLC' very small under that; 'HONEY' in a huge ornamental outlined display face, then 'CASK FINISHED' small and 'BOURBON WHISKEY' in a striped/inline display face; '96 PROOF' (left) and '48% ALC/VOL' (right) are printed separately on the two sides of the shield as small curved gold text; '750 mL' in a small keystone under the shield; the ribbon below reads 'SPECIALTY WHISKEY DISTILLED FROM BOURBON MASH' (curved, cream on navy) which is the statement I used for class_type, while the big text reads 'HONEY CASK FINISHED BOURBON WHISKEY' and the side strips read 'STRAIGHT BOURBON WHISKEY FINISHED IN A HONEY BARREL', 'BARREL MASTER SERIES', 'BOTTLED FOR wood·ash·rye' and 'BOTTLE No.'. Image 2 (455x2356) is a tall neck strip: only 'WWW.SUGARHOUSEDISTILLERY.NET' printed vertically and 'SUGAR HOUSE DISTILLERY SLC' at the foot. Image 3 (712x1370) is the back label, cream text on navy: headline 'STRAIGHT BOURBON WHISKEY FINISHED IN A HONEY BARREL', marketing paragraph, mash bill, 'W.A.R wood·ash·rye' logo, government warning, website, then 'FERMENTED, DISTILLED, BARRELLED & BOTTLED BY SUGAR HOUSE DISTILLERY LLC 2212 S. WEST TEMPLE, UNIT №14, SALT LAKE CITY, UT 84115' in condensed caps (the unit number uses the '№' numero sign). The filed class 'WHISKY SPECIALTIES' matches the ribbon statement, not the prominent 'BOURBON WHISKEY' wording. · filed brand 'SUGAR HOUSE DISTILLERY', class 'WHISKY SPECIALTIES', origin 'UTAH'"
26217001000886,wine,COOPER'S HAWK,RIESLING-GEWURZTRAMINER,ALC. 13% BY VOL.,375ML,"COOPER'S HAWK WINERY & RESTAURANTS · WOODRIDGE, IL",,,"Single image (1935x1350), one wraparound label on a cream background with a gold-foil torn-paper band across the top. Centre: a large gold numeral '12' on a white snowflake, 'TWELVE NIGHTS' (fanciful name) in widely letter-spaced gold caps, then 'RIESLING-GEWURZTRAMINER', 'WINE CLUB EXCLUSIVE' and the line 'WINE WINE' (printed literally, apparently a typo for 'WHITE WINE'; the filed class is TABLE WHITE WINE). Right side, rotated 90 degrees (reads bottom-to-top): 'COOPER'S HAWK' large with 'WINERY & RESTAURANTS' in small spaced caps beneath, '58% RIESLING 42% GEWURZTRAMINER WASHINGTON', and a small condensed block 'VINTED & BOTTLED BY COOPER'S HAWK WINERY & RESTAURANTS · WOODRIDGE, IL / CONTAINS SULFITES · ALC. 13% BY VOL. · 375ML'. Left side, rotated the same way: the government warning. Top-left: a 'CH' feather monogram and 'on the TWELFTH night' in italic. Alcohol, net contents and bottler are only in the small vertical block. Brand printed as 'COOPER'S HAWK' with 'WINERY & RESTAURANTS' as a smaller subline. · filed brand ""COOPER'S HAWK WINERY & RESTAURANTS"", class 'TABLE WHITE WINE', origin 'WASHINGTON'"
26224001000736,import,COLORES DE AGAVE,TEQUILA REPOSADO,40% ALC BY VOL (80 PROOF),750ML,"FELICIANO VIVANCO Y ASOCIADOS, S.A. DE C.V., ARANDAS, JALISCO, MEXICO, C.P. 47180",Mexico,,"Image 1 is the back label (white background, copper/brown text): brand, class, '100% AGAVE AZUL', 'HECHO EN MEXICO' flanking a woven medallion, an italic tagline, website, importer line 'IMPORTED BY COLORES DE AGAVE LLC, HEALDSBURG, CA', the producer/bottler line, then '750ML / 40% ALC BY VOL / (80 PROOF)' stacked in a condensed face at lower left beside a UPC barcode, 'NOM 1414' and 'CRT' marks. Image 2 is the front label: a pale green watercolor wash with only 'COLORES DE AGAVE' and 'TEQUILA REPOSADO' in small spaced capitals near the bottom and a copper bar. Origin statement printed as 'HECHO EN MEXICO'. · filed brand 'COLORES DE AGAVE', class 'TEQUILA FB', origin 'MEXICO'"
26231001000080,import,Jan KOCHANOWSKI,VODKA,40 % Alc. / Vol.,700 ml,"Arcadia Imports Plainville CT, 06062",Poland,brand_name=review,"Single flat image of a skewed label with a sunburst background. Jan is a flourished script capital (the glyph could be read as I or J; the filed brand says IAN) over KOCHANOWSKI in a condensed serif. VODKA appears three ways: PLATINUM FILTERED VODKA arched above the brand, PREMIUM VODKA / PRODUCT OF POLAND in blue below it, and the plain VODKA / 40 % Alc. / Vol. / 700 ml block bottom-left beside the barcode (used here; the figures are kerned with visible gaps). Vertical grey band reads PLATINUM - FILTERED FOR A SMOOTHER TASTE. Right panel: Imported by Arcadia Imports Plainville CT, 06062; PRODUCER: JNT GROUP S.A. Sp.K. Dobroń, Poland; Distilled from grain; ME 15¢ IA 5¢. Round seal has PLATINUM FILTERED VODKA in curved text. · filed brand 'IAN KOCHANOWSKI', class 'VODKA 80-89 PROOF FB', origin 'POLAND'"
26232001000283,beer,LONE PINE,india pale ale,3.6% ALC./VOL.,12 FL.OZ.,"LONE PINE in Portland & Gorham, ME, Woburn, MA, & under special agreement, Pawtucket, RI",,brand_name=review,"Single can wrap (1201x545). The fanciful name 'LOW-J' dominates in large blue outlined letters over an orange citrus photo; 'india pale ale' is small lowercase script above it, 'low calorie' on a yellow tag, 'IPA' in orange display caps, '100 CALORIES'. The brand 'LONE PINE' appears only in the pine-tree roundel logo (tracked caps) and in the brewer line 'Brewed by LONE PINE in Portland & Gorham, ME, Woburn, MA, & under special agreement, Pawtucket, RI' on the right panel. Alcohol/net line '3.6% ALC./VOL. | 12 FL.OZ.' is white text over the orange photo, slightly tilted. Serving Facts panel also prints '12 fl oz (355ml)'. 'IPA' printed separately could also serve as class. · filed brand 'LONE PINE', class 'ALE', origin 'RHODE ISLAND'"
26232001000435,import,HOUJUN,SAKE,ALCOHOL 13.5% BY VOLUME,720 mL,"LUXE SEAFOOD COMPANY, LOS ANGELES, CA",Japan,,"Image 1 (1247x1780) is the English strip label, plain bold sans black on white inside a black frame: 'HOUJUN' large, 'Shiro Koji' (fanciful name) and 'SAKE' beneath, 'PRODUCT OF JAPAN', 'ALCOHOL 13.5% BY VOLUME', '720 mL', ingredients, 'IMPORTED BY: LUXE SEAFOOD COMPANY LOS ANGELES, CA', 'PRODUCED IN JAPAN BY: KOMATSU SHUZOUJO CO., LTD. 3341 NAGASU, USA, OITA, JAPAN', the government warning and 'CA CRV' at the bottom-right corner. Image 2 (680x1000) is the front: a grey flower emblem, two Japanese brush-calligraphy characters and 'Oita Mii' in thin letter-spaced grey type; no Latin brand name, class, alcohol or net contents on the front. · filed brand 'HOUJUN', class 'SAKE - IMPORTED', origin 'JAPAN'"
26232001000450,import,DREISSIGACKER,RIESLING,"12,0 % ALC. BY VOL",750 ML,DREISSIGACKER WEIN GMBH · D-67595 BECHTHEIM,Germany,,"Image 1 (1200x900) is the back label: top row '12,0' very large thin grey with '% ALC. BY VOL' beneath (comma decimal), '2025 RIESLING DRY' centre, '750' large with 'ML' beneath on the right. Then widely letter-spaced thin grey lines 'BOTTLED BY DREISSIGACKER WEIN GMBH · D-67595 BECHTHEIM', 'PRODUCT OF GERMANY · QUALITÄTSWEIN RHEINHESSEN', 'A.P.NR. 425740601026 · DREISSIGACKER-WEIN.DE · IMPORTED BY: LISA TUPETZ WINE LLC SAN LUIS OBISPO.' (importer, no state), the government warning, a multilingual sulfite line, barcode and four certification roundels (V-Label vegan, Tupetz Wine Connection, Climate Neutral, Fair'n Green). Image 2 (1602x1090) is the front: 'DREISSIGACKER' in large grey small-caps serif, 'RIESLING' in gold spaced caps, 'TROCKEN' in grey spaced caps; nothing else. The filed brand is 'WEINGUT DREISSIGACKER' but 'Weingut' is not printed anywhere. Class printed as 'RIESLING TROCKEN' (front) / 'RIESLING DRY' (back); the filed class is TABLE WHITE WINE. · filed brand 'WEINGUT DREISSIGACKER', class 'TABLE WHITE WINE', origin 'GERMANY'"
26236001000058,spirits,TAN LINE,VODKA WITH COCONUT WATER AND NATURAL FLAVORS,4.2% ALC/VOL,355 ML,"TAN LINE LLC, HUDSONVILLE, MI",,,"Single image: a flat can wrap, upper half tan, lower half white, gold foil band between. The brand is printed as two separate words rotated 90 degrees (reading bottom to top) in very large gold capitals: 'LINE' on the tan upper half, 'TAN' on the white lower half; horizontally it appears only in the small tagline 'LIFE IS BETTER WITH A TAN|LINE' and the handle '@DRINKTANLINE'. Fanciful name 'COCONUT' in thin spaced capitals under the brand, then 'COCONUT WATER | VODKA | REAL FRUIT JUICE' in bold, then the class statement and '4.2% ALC/VOL | 12 FL. OZ. (355 ML)' in small type. Net contents printed as both '12 FL. OZ.' and '(355 ML)'. The upper right column has outlined white words 'COCONUT WATER / VODKA / REAL FRUIT JUICE' between line icons on the tan background (low contrast). Bottler line 'BOTTLED FOR TAN LINE LLC, HUDSONVILLE, MI' is very small print under the government warning; also 'AVERAGE ANALYSIS', 'CONTAINS: COCONUT', '100 CALORIES / GF / 0g ADDED SUGAR / VEGAN' badges, 'LOW CARBONATION', a UPC barcode. · filed brand 'TAN LINE', class 'VODKA SPECIALTIES', origin 'MICHIGAN'"
26237001000259,import,BERRY BROS & RUDD,SINGLE MALT SCOTCH WHISKY,ALC. 55.9% BY VOL.,700 ML.,"BB&R USA LLC, Washington, DC 20006, USA",Scotland,,"Image 1 front, image 2 back. Brand is stacked inside an arched black logo (BERRY / BROS / & / RUDD, with the S of BROS raised and underlined as an abbreviation mark and no period; ESTD 1698 inside). Class in letter-spaced serif caps. DISTILLED AT BENRINNES DISTILLERY, ABERLOUR, BANFFSHIRE; AN EXCLUSIVE SINGLE CASK FOR Hernando A. Madroñero in italic script; DISTILLED & MATURED IN SCOTLAND is the origin statement. Alcohol and contents are tiny, light on dark teal at the bottom right of the front: ALC. 55.9% BY VOL. CONT. 700 ML. The back repeats 700ml. Alc. 55.9% by Vol. in bold sans and Imported by: BB&R USA LLC, Washington, DC 20006, USA. Cask table: DISTILLED IN 2014, HOGSHEAD, PEDRO XIMÉNEZ finish, SPEYSIDE, 11 years, OCTAVE FINISH roundel. · filed brand 'BERRY BROS. & RUDD', class 'SINGLE MALT SCOTCH WHISKY', origin 'SCOTLAND'"
26237001000299,beer,Three Sisters,Double India Pale Ale,8.0% Alc. by Vol.,15.5 Gallons,"FOAM BREWERS, Burlington, VERMONT",,,"Keg collar (926x880). Ring of month abbreviations and day numbers around the edge, many rotated or upside down. Brand, class and alcohol in bold sans at top centre. 'Net Contents:' with two unticked checkboxes: '15.5 Gallons' and '5.16 Gallons' (the first letter of 'Net' is clipped and reads like 'Vet'). Black band holds the government warning and a keg tapping notice in condensed caps; a tiny curved brewer-identification notice runs along the bottom arc. Brewer 'FOAM BREWERS / Burlington, VERMONT' below the band. · filed brand 'THREE SISTERS', class 'ALE', origin 'VERMONT'"
26238001000315,beer,MXD MIXED DRINKS CO.,PREMIUM MALT BEVERAGE,12% ALC./VOL.,16 FL OZ (1 PINT),"MXD DRINKS CO., WADDELL, AZ.",,class_type=review,"Single image (1129x829): a flat can wrap on a coral background with a citrus-slice pattern and a cartoon penguin. Front panel (left): 'MXD' in a huge white display face on a blue brush-stroke shape with 'MIXED DRINKS CO.' in small yellow caps beneath (the logo lockup), fanciful name 'SEX ON THE BEACH' in white on blue, 'PREMIUM MALT BEVERAGE' in small yellow caps under it, bottom-left '12% ALC./VOL. CONTAINS ALCOHOL' in white, bottom-centre 'PREMIUM MALT BEVERAGE WITH NATURAL FLAVORS, COLORED WITH VEGETABLE JUICE & BETA-CAROTENE' and '16 FL OZ (1 PINT)'. The top rim repeats 'PACKED FULL OF FLAVOR' and '12% ALC./VOL.' in badges. The government warning runs vertically (rotated 90 degrees) between the panels in yellow. Back panel (right): logo again, 'SEX ON THE BEACH', 'MAC', flavor copy, QR code, barcode, and a column of very small condensed white text with 'MANUFACTURED BY MXD DRINKS CO., WADDELL, AZ.' plus gluten statements. No bottler street address is printed. · filed brand 'MXD MIXED DRINKS CO.', class 'MALT BEVERAGES SPECIALITIES - FLAVORED', origin 'ARIZONA'"
26238001000501,wine,Backyard Vines,Blend of Blueberry & Grape Wines,ALC. 11% BY VOL.,750ml,"Backyard Vines in Traer, Iowa",,,"Single image (1539x1238), black-and-white label. Centre: a pencil-sketch oval of a bottle, glass and vine leaves with 'Backyard Vines' in a bold italic calligraphic face on a white band. Below: 'Backyard Blues' (fanciful name) in italic serif, 'Blend of Blueberry & Grape Wines' in bold sans, 'ALC. 11% BY VOL.'. Right edge, rotated 90 degrees (reads top-to-bottom): 'Blend of blueberry & grape wines.', 'Produced and Bottled by Backyard Vines in Traer, Iowa', '319-330-9160', 'www.BackyardVinesWinery.com', '750ml', then a vertical barcode. Left edge, rotated: 'CONTAINS SULFITES', the government warning, 'Iowa Refund 5¢'. Net contents and bottler appear only in the rotated text. Filed class TABLE FLAVORED WINE; label says 'Blend of Blueberry & Grape Wines'. · filed brand 'BACKYARD VINES', class 'TABLE FLAVORED WINE', origin 'IOWA'"
26239001000297,beer,SENSEI,SAKE,ALC 14.5% BY VOL,750 ml,"Ozeki Sake (U.S.A.), Inc. Hollister, CA 95023",,brand_name=review,"Single image, a flat wrap on a mottled grey rice-paper background: left panel (front) has 'SENSEI' with a TM mark in large spaced capitals, a big black brush-calligraphy Japanese character with a red brush circle, a small red seal, and 'PREMIUM' rotated vertically beside a yellow square and 'SAKE' in red at the bottom left. The brand is also printed as 'SENSEI SAKE' (smaller) at the top of the right panel beside a red brush mark. Right panel: italic description text, 'NO ADDITIVES NO PRESERVATIVES', 'Produced and Bottled by Ozeki Sake (U.S.A.), Inc. Hollister, CA 95023.' in small type, a UPC barcode. The strip between the panels is rotated 90 degrees (reads bottom to top) in small print: a kosher mark, '750 ml  ALC 14.5% BY VOL  PRODUCT OF USA  DISTRIBUTED BY ROYAL WINE, NEW YORK, NY', the government warning also rotated. Filed brand is 'SENSEI SAKE'; the largest form on the front is 'SENSEI' alone. Class printed as 'SAKE' (front: 'PREMIUM SAKE'). · filed brand 'SENSEI SAKE', class 'SAKE', origin 'CALIFORNIA'"
26239001000345,spirits,KENTUCKY Coffee,BOURBON WHISKEY WITH NATURAL FLAVORS,66 PROOF • 33% ALC/VOL,50 ML,"KENTUCKY COFFEE WHISKEY COMPANY, LOUISVILLE, KY",,class_type=review,"Single image, miniature (50 ML) label. KENTUCKY in an ornate shadowed display face, Coffee in brush script beneath it. Teal banner reads THE ORIGINAL COFFEE WHISKEY (filed fanciful name). The composition statement BOURBON WHISKEY with NATURAL FLAVORS runs along the bottom in letter-spaced caps with the word with in a tiny script. MADE IN KENTUCKY arched at top. Alcohol, contents, bottler line and warning are all rotated 90 degrees in a narrow column on the right: 66 PROOF • 33% ALC/VOL • 50 ML then PRODUCED & BOTTLED BY KENTUCKY COFFEE WHISKEY COMPANY, LOUISVILLE, KY. Deposit text and barcode on the left. · filed brand 'KENTUCKY COFFEE', class 'WHISKY SPECIALTIES', origin 'KENTUCKY'"
26243001000640,spirits,WOODY CREEK DISTILLERS,COLORADO STRAIGHT 100% RYE WHISKEY,45% ALC/VOL,750 ML,"WOODY CREEK DISTILLERS BASALT, COLORADO USA / woodycreekdistillers.com",,class_type=review,"Image 1 is the small front label (745x299): light grey/tan condensed caps on green; 'COLORADO STRAIGHT 100%' on line one, 'RYE WHISKEY' large on line two, 'BATCH DISTILLED' in tan at right; bottom line '45% ALC/VOL' at left and '90 PROOF   750 ML' at right of the same rule. Image 2 is the back label: 'DISTILLED, AGED & BOTTLED BY WOODY CREEK DISTILLERS BASALT, COLORADO USA / woodycreekdistillers.com', DSP-CO-20004, warning, barcode. Image 3 shows the brand only, as large copper lettering printed directly on clear glass; the second O of WOODY is a bottle-shaped cut-out. The brand is not on the paper front label. Label spells WHISKEY (filed: WHISKY). · filed brand 'WOODY CREEK DISTILLERS', class 'STRAIGHT RYE WHISKY', origin 'COLORADO'"
26244001000003,import,BODEGA BARRO VIEJO,MERLOT,ALC 13.5% BY VOL,750 ml.,"Orbitrade Group LLC, Austin, Texas LLC",Mexico,,"Image 1 (955x692) is the front, black and grey on white: 'BODEGA' in widely letter-spaced thin caps, 'BARROVIEJO' in a very large thin grey stencil-like display face with a blue wavy line drawn through the middle of the letters (OCR risk), 'VALLE DE PARRAS' in very light widely spaced grey caps, 'MERLOT' in bold spaced caps and '2024'. Image 2 (695x697) is the back: '750 ml.' over 'CONT. NET.' top-left, 'ALC 13.5% BY VOL' top-right, a Spanish marketing paragraph, then 'Elaborado y embotellado por Bodega Barro Viejo S. de R.L. de C.V. Antigua Ex Hacienda La Soledad, Parras de la Fuente Coahuila, México C.P. 27993' (producer), barcode printed vertically, government warning in small type, 'LOTE: MR151214', 'Imported By: Orbitrade Group LLC Austin, Texas LLC' (the importer line really ends with a second 'LLC'), 'CONTAINS SULFITES', two Mexican wine seals and 'HECHO EN MÉXICO' (with an accent) at the bottom. The filed class is TABLE RED WINE but the label designates the wine only as 'MERLOT'. · filed brand 'BODEGA BARRO VIEJO', class 'TABLE RED WINE', origin 'MEXICO'"
26244001000114,import,PONCIANO ARRIAGA 158,SPIRIT DISTILLED FROM AGAVE,48 %Alc. Vol.,500 ml,"LAIKA SPIRITS, SAUSALITO CA.",Mexico,,"Image 1 (703x852) is the main label, black ink on olive-khaki: 'ESPIRITUOSOS' arched over an agave emblem, 'PONCIANO ARRIAGA 158' in large condensed caps (the '158' in a heavy slab face), 'SPIRIT DISTILLED FROM AGAVE' below, a black panel '100% AGAVE (A. Maximiliana) MASPARILLO' (fanciful name), 'HANDMADE IN DURANGO, MEXICO', and a cream strip at the bottom 'NET. CONT. 500 ml' / '48 %Alc. Vol.'. Left column: production details with headings in small caps and values in a handwriting script (Héctor García and Family, Mesa 'Los Carrizos', Durango, 6,360 Feet ASL, etc.). Right column: 'PRODUCT OF MEXICO', 'CA CRV', 'IMPORTED BY: LAIKA SPIRITS, SAUSALITO CA.', the government warning, barcode, and 'COMERCIALIZED BY: LALADY MEZCAL SA DE CV 2230 VICTORIA AVE. COLONIA LAS ROSAS, GOMEZ PALACIO. DURANGO, MEX. ZIP CODE 35090'. Image 2 (536x645) is a back-of-label print shown MIRRORED (all text reversed: 'PONCIANO ARRIAGA 158', 'AGUARDIENTE', 'SAGRADO', 'DEL BUENO'), decorative only. Image 3 (1152x133) is a narrow strip: 'MASPARILLO' printed upside-down on the left, agave emblem, 'PONCIANO ARRIAGA 158' upright on the right. Filed brand 'ESPIRITUOSOS PONCIANO ARRIAGA 158' is printed as 'ESPIRITUOSOS' (small, arched) above 'PONCIANO ARRIAGA 158' (large). · filed brand 'ESPIRITUOSOS PONCIANO ARRIAGA 158', class 'AGAVE SPIRITS', origin 'MEXICO'"
26244001000544,import,VINI FRANCHETTI,White Wine,ALC. 12% BY VOL.,750 ml,VINI FRANCHETTI SRL CASTIGLIONE DI SICILIA - ITALY,Italy,brand_name=review,"Image 1 is the back label (large, black serif type on white, slightly jagged/aliased edges): 'SCINNIRI BIANCO 2025' very large at top, 'White Wine', 'Terre Siciliane', 'Indicazione Geografica Protetta', 'PRODUCT OF ITALY', the government warning, 'ESTATE BOTTLED BY: VINI FRANCHETTI SRL CASTIGLIONE DI SICILIA - ITALY', a 'LYRA Fine Wine Importers' logo with a yellow swoosh, 'IMPORTED BY: Lyra, LLC- Benicia, CA', 'CA CRV', 'NET CONT. 750 ml', 'ALC. 12% BY VOL.', 'CONTAINS SULFITES', 'www.vinifranchetti.com', a lot code 'L6103' printed vertically at the right, and a UPC barcode. Image 2 is the small front label (cream background): a line drawing of a hand, 'scinniri' in large letter-spaced yellow lowercase italic, 'bianco' smaller, 'TERRE SICILIANE', 'indicazione geografica protetta', '2025'. The filed brand 'VINI FRANCHETTI' is printed nowhere as a brand: it appears only inside the bottler line on the back ('VINI FRANCHETTI SRL') and in the website address; the dominant name on both labels is the fanciful name 'SCINNIRI BIANCO'. The class 'White Wine' appears only on the back label; the front only says 'bianco' and 'TERRE SICILIANE'. · filed brand 'VINI FRANCHETTI', class 'TABLE WHITE WINE', origin 'ITALY'"
26244001000624,import,5 SENTIDOS,AGAVE SPIRIT,47.7% ALC./VOL.,750 ML,"PM Spirits LLC, Wilmington DE",México,brand_name=review,"Image 2 is the front, image 1 the back; both black on white. Brand is a large numeral 5 followed by SENTIDOS in a serif with an ornamental O, with 100% DESTILADO DE AGAVE beneath. The words CINCO SENTIDOS appear only on the back in one small bold line: CINCO SENTIDOS AGAVE SPIRIT 47.7% ALC./VOL. Front: pit-oven illustration with a green agave, De Carne in brush script (expression name), AGAVE SPIRIT, then a bottom strip BATCH CARNE 11-25US | 47.7% ALC./VOL. | 750 ML | BOTTLE: /96 PLDC, DRINK WITH RESPECT, Product of México (accented). Back: long paragraph, PRESTIGE·LEDROIT DISTRIBUTING CO. logo, Imported by PM Spirits LLC, Wilmington DE, warning, TOMESE CON RESPETO, vertical CA CRV. · filed brand 'CINCO SENTIDOS', class 'AGAVE SPIRITS', origin 'MEXICO'"
26244001000809,wine,IRONSWORD MEADERY,Honey blueberry wine with natural flavors,Alc. by Vol. 12.8%,375 mL,"IronSword Meadery, 203 Green St, Ridge Spring, SC 29129",,class_type=review,"Single label (797x511) on light blue. Brand at top in a runic/display face with a sword drawn through 'IRONSWORD'; 'MEADERY' letterspaced below. Cartoon viking pancake stack illustration; fanciful 'DAWN RAIDER' in serif caps with '375 mL' under it. Government warning runs vertically down the left edge (rotated 90 degrees clockwise). Class statement and alcohol ('Honey blueberry wine / with natural flavors / Contains Sulfites / Alc. by Vol. 12.8%') run vertically on the right, rotated 90 degrees counter-clockwise, as does the bottler block ('Bottled by IronSword Meadery / 203 Green St / Ridge Spring, SC 29129 / www.IronSwordMead.com'). A faint watermark of a viking face sits behind the right-hand text. · filed brand 'IRONSWORD MEADERY', class 'HONEY BASED TABLE WINE', origin 'SOUTH CAROLINA'"
26245001000632,wine,METHOD SPIRITS,SWEET VERMOUTH,18% ALC/VOL,750 ML,"METHOD SPIRITS, BLOOMVILLE, NY",,,"Image 1 (488x900) is the front on cream: 'METHOD' in large widely letter-spaced slab-serif caps with '·· SPIRITS ··' small beneath, a very large decorative gold 'M' filled with botanical line drawings, 'BATCH#' / 'BOTTLE#' blanks, 'SWEET VERMOUTH' in bold spaced slab caps, then one line with '750 ML', 'RYE CASK AGED' (cream on dark) and '18% ALC/VOL'; a dark footer with the 'FORT HAMILTON DISTILLERY CASK FINISH' logo and 'SINGLE CASK RESERVE' in cream on dark. Image 2 (375x769, small) is the back: cream text on dark maroon, a marketing paragraph in small caps, QR code, 'METHODSPIRITS.COM', 'PLEASE REFRIGERATE AFTER OPENING', a 'DRINK LOCAL' badge, 'BOTTLED BY METHOD SPIRITS BLOOMVILLE, NY' in small condensed cream caps, barcode, 'CONTAINS SULFITES' and the government warning. No street address is printed. · filed brand 'METHOD SPIRITS', class 'VERMOUTH/MIXED TYPES', origin 'NEW YORK'"
26245001000680,import,HAN,DILUTED GRAIN NEUTRAL SPIRITS,24% ALC/VOL (48 PROOF),1 LITER,"PROGRESSIVE BEVERAGES, INC. TRUCKEE, CALIFORNIA",Mexico,,"Both images are 5100x6600 typed text pages (label copy, not artwork), black on white. Image 1 is headed 'FRONT OF BOTTLE COPY': 'HAN' in large bold serif, a row of asterisks, a very large bold 'O', 'ORIGINAL' (fanciful name) in bold sans, 'IMPORTED', 'PREMIUM SOJU', then in small type 'DILUTED GRAIN NEUTRAL SPIRITS', '24% ALC/VOL (48 PROOF)', '1 LITER', 'CA CRV'. Image 2 is headed '[BACK OF BOTTLE COPY]': 'H A N', 'ORIGINAL', 'IMPORTED PREMIUM SOJU', a marketing paragraph, 'Multiple Distilled - Exceptionally Smooth', 'EXCLUSIVELY IMPORTED BY PROGRESSIVE BEVERAGES, INC. TRUCKEE, CALIFORNIA', 'PRODUCT OF MEXICO', the government warning, placeholders '[[QR Code]] [[UPC Code]]', 'hansoju.com', '8 57796 00030 7'. Text is small relative to the page (lots of white space). The filed class is DILUTED VODKA FB; the label says 'DILUTED GRAIN NEUTRAL SPIRITS' and 'PREMIUM SOJU'. · filed brand 'HAN', class 'DILUTED VODKA FB', origin 'MEXICO'"
26246001000021,spirits,WAYPOINT SPIRITS,Pineapple & Coconut Flavored Vodka,30% ALC./VOL.,750 ML,"WAYPOINT SPIRITS IN BLOOMFIELD, CT",,brand_name=review,"Image 1 is the front: a yellow teardrop/map-pin shape over a topographic-line background. The brand is printed only inside the round white logo at the top, as curved letter-spaced text 'WAYPOINT' arched over a monogram and 'SPIRITS' arched under it (with 'EST 2015'); 'Craft Distilled - Premium Spirit - Gluten Free' arcs around the top of the pin. The dominant text is the fanciful name 'TROPICAL VIBES' in large orange hand-drawn display capitals with a dark outline, then 'Pineapple & Coconut Flavored Vodka' on a curved baseline over a photo of a pineapple and coconuts; a silver 'U.S. Open Spirits Championship' medal at lower left. The yellow strip at the bottom reads 'PRODUCED AND BOTTLED / IN CONNECTICUT' beside a flag-shaped state map, 'LATITUDE 41.8640780', 'LONGITUDE -72.7267260', 'VOLUME 750 ML' with an e-mark, and the alcohol value '30% ALC./VOL.' printed under a caption that says 'PROOF'. Image 2 is the back: 'WHEN TASTE MATTERS!', 'TROPICAL VIBES', brown marketing text, 'PROUDLY CRAFTED, DISTILLED AND BOTTLED BY WAYPOINT SPIRITS IN BLOOMFIELD, CT' in condensed capitals above a UPC barcode, the government warning, 'Enjoy Responsibly', 'Find us at www.drinkwaypoint.com'. Brand flagged for review because it is printed only as curved text in a logo seal and in the back bottler line; the big front text is the fanciful name. · filed brand 'WAYPOINT SPIRITS', class 'VODKA - OTHER FLAVORED', origin 'CONNECTICUT'"
26246001000441,beer,Founders,MALT BEVERAGE,CONTAINS LESS THAN 0.5% ALC/VOL,355 ML,"FOUNDERS BREWING CO., GRAND RAPIDS, MICHIGAN",,class_type=review,"Single flat can wrap showing the front panel twice. Founders is a custom blue logotype (mid-size); NONETHELESS in huge blue caps is the fanciful name and dominates; GOLDEN in yellow; NON-ALCOHOLIC badge at top; 30 CALORIES; Citrusy | Crisp | Light. Every required statement is rotated 90 degrees in the narrow dark-blue side strips, white on blue: NON-ALCOHOLIC GOLDEN / CONTAINS LESS THAN 0.5% ALC/VOL / MALT BEVERAGE; 12 FL. OZ. (355 ML); BREWED AND PACKAGED BY FOUNDERS BREWING CO., GRAND RAPIDS, MICHIGAN; PUERTO RICO; nutrition line; NONTAXABLE UNDER SECTION 5051 I.R.C. Net contents printed as 12 FL. OZ. (355 ML), US figure first. No government warning (non-alcoholic). · filed brand 'FOUNDERS', class 'CEREAL BEVERAGES - NEAR BEER (NON ALCOHOLIC)', origin 'MICHIGAN'"
26246001000606,spirits,GRIND HOUSE KILLER BOURBON,STRAIGHT BOURBON WHISKEY,92 PROOF | 46% ALC/VOL,1 LITER,"OLD FOURTH DISTILLERY IN CHAMBLEE, GA",,,"Single wrap (1024x627), pulp-poster art: cream text on black and red brick. Brand block at centre-right: 'GRIND HOUSE' in large distressed cream display caps with 'KILLER BOURBON' small beneath; 'KILLER BOURBON' is repeated as very large distressed red lettering running vertically up the right-hand red band. 'GRIND HOUSE x OLD FOURTH DISTILLERY' at top left. Class 'STRAIGHT BOURBON WHISKEY' in black italic caps on a red brush stroke; '92 PROOF | 46% ALC/VOL | 1 LITER' in small red type beneath. Bottler and warning are tiny cream text rotated vertically on the red band ('PRODUCED AND BOTTLED BY OLD FOURTH DISTILLERY IN CHAMBLEE, GA'). Label spells WHISKEY (filed: WHISKY). · filed brand 'GRIND HOUSE KILLER BOURBON', class 'STRAIGHT BOURBON WHISKY', origin 'GEORGIA'"
26248001000067,import,IMPARA,TEQUILA REPOSADO,40% ALC. VOL (80 PROOF),750ml,"SANTI IMPORTS LLC, CHICAGO IL 60607",Mexico,,"Image 1 (957x1127) is an oval red top/neck label with black text running around the ring: 'IMPARA® ORGANIC TEQUILA · Handcrafted · REGIÓN VALLES · AMATITÁN, JALISCO, MX ·' (curved, partly upside down) around an asterisk emblem. Image 2 (649x594) is the front: 'IMPARA®' in a large high-contrast serif display face, then right-aligned letter-spaced lines 'TEQUILA REPOSADO', 'ORGANIC', '100% DE AGAVE' and 'Handcrafted' in gold script, a gold 'ORGANIC TEQUILA MMXXIII' seal on the left, and at the bottom one condensed line 'CONT. NET. 750ml 40% ALC. VOL (80 PROOF)'. Image 3 (13498x1885, a very wide neck band) reads 'REGIÓN VALLES / AMATITÁN, JALISCO.MX.  IMPARA®  ORGANIC TEQUILA  Handcrafted'. Image 4 (4898x8201) is the back: 'IMPARA®' and 'ORGANIC TEQUILA' (gold) at the top, 'PRODUCED AND BOTTLED BY: TEQUILA LAS AMERICAS S.A. DE C.V. María Guadalupe De Hernández Loza No.45 Col. Obrera, Amatitán, Jalisco México CP 45380', organic certifier details, 'IMPORTED BY: SANTI IMPORTS LLC CHICAGO IL 60607' (used for the bottler field), 'CERTIFIED ORGANIC BY GOA', bioagricert / EU leaf / USDA Organic / kosher logos, government warning in condensed caps, 'PRODUCT OF MEXICO' in gold, 'NOM 1480 CRT' and a barcode. The class is printed as 'TEQUILA REPOSADO' on the front and as 'ORGANIC TEQUILA' on the neck and back. · filed brand 'IMPARA', class 'TEQUILA FB', origin 'MEXICO'"
26249001000063,spirits,Badger State,Vodka with natural flavor,27% ALC. BY VOL.,1L,"Thompson Square Distillery, CLIVE, IA",,,"Image 1 (1260x1390) is the front: light-blue background patterned with Wisconsin state outlines, a dark-blue Wisconsin silhouette at top, and a paler blue panel with white Arial-style text 'Badger State' / 'Light' (fanciful name) / 'Vodka with natural flavor' (white on light blue, low contrast). Bottom: a gluten-free icon with 'GLUTEN FREE', and a dark-blue Wisconsin-shaped banner 'AUTHENTIC TASTE. PROUDLY WISCONSIN. 1L / 27% ALC. BY VOL.' in white condensed caps. Image 2 (688x960) is the back: 'AUTHENTIC TASTE. PROUDLY WISCONSIN.', 'Exclusively available in Wisconsin.', serving facts in small white type, 'Distilled in the Midwest', the government warning, barcode, and at the bottom 'Produced and Bottled by' followed by a white box containing 'Thompson Square Distillery, CLIVE, IA' in black (looks pasted over). Net contents printed as '1L' joined to the alcohol statement with a slash. · filed brand 'BADGER STATE', class 'VODKA SPECIALTIES', origin 'IOWA'"
26251001000103,import,DELIRIUM TROPICALUM,MALT BEVERAGE WITH NATURAL FLAVORS,8% ALC./VOL.,11.2 FL. OZ.,"Huyghe Brewery Melle/Ghent, Belgium Since 1654",Belgium,,"Image 1 is the front label on a yellow-to-pink gradient: a pink elephant, 'DELIRIUM' in a large ornate art-nouveau display face (white letters with a dark drop shadow), 'TROPICALUM' below in bold white sans capitals, then two lines 'BELGIAN BLOND WITH TROPICAL FRUITS' and 'MALT BEVERAGE WITH NATURAL FLAVORS'; crocodile and dragon figures, 'BROUWERIJ - BRASSERIE HUYGHE ANNO 1654', three bird marks, and along the bottom 'BELGIAN ALE' (left), '8% ALC./VOL.' (centre), '11.2 FL. OZ.' (right). All text is white on the colored gradient. Image 2 is the back label: small elephant and 'DELIRIUM' at top left, 'TROPICALUM' and the same two class lines large at top, government warning, deposit statements, 'Brewed and Bottled By: Huyghe Brewery Melle/Ghent, Belgium Since 1654', 'Imported By: BBL, Inc. Frederick, Maryland', UPC barcode, '8% ALC./VOL.', '11.2 FL. OZ.'. No separate 'Product of Belgium' statement; the country appears only in the brewer address. Designating words: 'MALT BEVERAGE WITH NATURAL FLAVORS' (also 'BELGIAN ALE' and 'BELGIAN BLOND WITH TROPICAL FRUITS'). · filed brand 'DELIRIUM TROPICALUM', class 'MALT BEVERAGES SPECIALITIES', origin 'BELGIUM'"
26251001000182,import,HOUSE OF HAZELWOOD,BLENDED SCOTCH WHISKY,51.5% ALC./VOL.,700ML,"CONNOISSEUR WINES & SPIRITS CALIFORNIA NAPA, CA",Scotland,,"Image 1 is a plain importer strip in typed serif and sans (looks photocopied, slightly uneven): HOUSE OF HAZELWOOD / BLENDED SCOTCH WHISKY / 700ML / 51.5% ALC./VOL. / PRODUCT OF SCOTLAND / CA CASH REFUND CA CRV in blue / IMPORTED BY: CONNOISSEUR WINES & SPIRITS CALIFORNIA NAPA, CA / 'OBTAINED FROM A PRIVATE COLLECTION' in quotes / warning. Image 2 is a photograph of the front: gold letter-spaced caps on dark red glass with an HH monogram, PRODUCT OF SCOTLAND, HOUSE OF HAZELWOOD, VINTAGE CASK, AGED 56 YEARS, BLENDED SCOTCH WHISKY, THE LONG MARRIAGE (fanciful). No alcohol or contents on the front. Filed class is SCOTCH WHISKY FB; the label says BLENDED SCOTCH WHISKY. · filed brand 'HOUSE OF HAZELWOOD', class 'SCOTCH WHISKY FB', origin 'SCOTLAND'"
26251001000296,import,SINCOSA,MEZCAL ARTESANAL ORGÁNICO,45% ALC. / VOL.,750 ML,"MHW, LTD., MANHASSET, NY.",Mexico,class_type=review,"Image 1: front wrap on white; brand 'SINCOSA' (with small TM) in orange-red serif caps, 'MEZCAL ARTESANAL' / 'ORGÁNICO' in grey letterspaced caps, '100% MAGUEY ESPADIN / JOVEN', 'OAX' and 'MEX' flanking the brand; alcohol printed on two lines '45%' over 'ALC. / VOL.', net on two lines '750 ML' over 'CONT. NET.'; 'DENOMINACION DE ORIGEN PROTEGIDA / HECHO EN MEXICO'. Image 2: back label, orange condensed caps on white: producer 'PRODUCED AND BOTTLED BY AGAVES DE SELECCIÓN S.A.P.I. DE C.V. ASE131122BK2 SIERRA ACONCAGUA 312, COL. LOMAS DE CHAPULTEPEC V SECCIÓN, DEL. MIGUEL HIDALGO, CDMX, C.P. 11000', importer 'IMPORTED BY MHW, LTD., MANHASSET, NY.', '750ML', NOM-0316X, USDA Organic and Hecho en Mexico seals, QR code, barcode. Image 3: neck band, grey 'SINCOSA' on an orange pattern. Image 4: thin strip reading 'MADE TO GATHER'. Importer used as bottler line; producer in these notes. · filed brand 'SINCOSA', class 'MEZCAL FB', origin 'MEXICO'"
26251001000624,import,VILLAGE OF McCOOK,100% AGAVE SPIRIT,40%ALC/VOL/80 PROOF,750 M.L.,"CHICAGOLAND SPIRITS, ELK GROVE VILLAGE, IL.",Mexico,class_type=review,"Both images are 1200x1575, black on a flat light-grey background. Image 1 (front): the brand appears only as curved text 'VILLAGE OF McCOOK' (the 'c' is a raised superscript) around a circular '100th ANNIVERSARY 1926-2026' seal with an illustration; below it 'HANDCRAFTED PREMIUM' in a tall serif display face, '100% AGAVE SPIRIT' in widely letter-spaced sans caps, 'BLANCO' in very large letter-spaced bold caps, then two lines in a wide-spaced slab/western face: '40%ALC/VOL/80 PROOF' (no space after the percent sign) and '750 M.L./ PRODUCT OF MEXICO'. Image 2 (back): the same seal, a quotation ('Raise a Glass to 100 Years of McCook-Built on Tradition,Community&Pride'), 'TERRY CARR MAYOR', '100%AGAVE', 'BLANCO' in a large outlined/shadowed serif, 'DISTILLED IN JALISCO, MEXICO', the government warning and 'BOTTLED BY CHICAGOLAND SPIRITS, ELK GROVE VILLAGE, IL.' in small caps at the foot. No street address. The filed class AGAVE SPIRITS appears on the label only inside '100% AGAVE SPIRIT'. · filed brand 'VILLAGE OF MCCOOK', class 'AGAVE SPIRITS', origin 'MEXICO'"
26251001000627,spirits,NY STATE of Mind,VODKA,40% ALC./VOL. (80 PROOF),1 LITER,OBSIDIAN MANUFACTURING LLC NAPLES NY,,,"Single image (617x1036), a tall label in navy ink on cream with a blue engraved landscape (New York State outline filled with a river, sailboat and skyline; lighthouse and lake along the bottom). Brand printed on three lines in mixed styles: 'NY' huge distressed serif caps, 'STATE' spaced serif caps, 'of' small italic, 'Mind' in a large brush script. Then 'PREMIUM' small spaced, 'VODKA' in large spaced serif caps, 'DISTILLED FROM NEW YORK GROWN GRAIN'. A three-cell row: '40% ALC./VOL. (80 PROOF)' | '1 LITER' | 'DISTILLED 5 TIMES'. A navy banner over the water: 'BOTTLED BY OBSIDIAN MANUFACTURING LLC NAPLES NY' with 'DISTILLED 5 TIMES' in gold. Bottom: the government warning in small type and an 'FPO' placeholder barcode. Brand mixes display caps and script; the alcohol and volume row sits over the illustration. · filed brand 'NY STATE OF MIND', class 'VODKA 80-89 PROOF', origin 'NEW YORK'"
26251001000639,spirits,THE QUINTESSENTIAL,AMERICAN SINGLE MALT WHISKEY,57.5 ALC BY VOL (115 PROOF),750 ml,"CEDAR RIDGE DISTILLERY SWISHER, IOWA, USA",,,"Image 1 is the front: white label with a faint light-grey knight-and-crest watermark behind the text and a cyan circle at the top reading 'CEDAR RIDGE' (the producer's house brand). The brand is 'THE' (small, cyan) over 'QUINTESSENTIAL' with a TM mark, in a cyan small-caps serif face where Q and E are full capitals; beside a small crest is 'of IOWA' in script plus serif. Then 'AMERICAN SINGLE MALT' and 'WHISKEY' between dotted rules, a black box 'SINGLE CASK SERIES', a black band with a handwritten signature, 'SELECTED BY MURPHY QUINT MASTER BLENDER', 'BISCUIT MALT' and 'AGED 10 YEARS', then a grey strip of boxed values: '115' over 'PROOF', '2026' over 'RELEASE', 'Cask No 13.196' (script), '57.5' over 'ALC BY VOL' (no percent sign printed), and a bottom row '750 ml' in script plus 'PRODUCT OF SWISHER IOWA USA'. Image 2 is the back strip: 'ME VT REF 15c | IA REF 5c', 'CA CRV' reversed in a black box, the government warning, 'CedarRidgeDistillery.com', and 'Distilled & bottled by' (script) 'CEDAR RIDGE DISTILLERY SWISHER, IOWA, USA'. Filed brand is 'QUINTESSENTIAL'; the label prints 'THE QUINTESSENTIAL'. Alcohol and proof are in separate boxes of the same strip, not in parentheses. · filed brand 'QUINTESSENTIAL', class 'AMERICAN SINGLE MALT WHISKEY', origin 'IOWA'"
26251001000782,beer,DAYS PAY IPA,INDIA PALE ALE,6.8% ALC BY VOL,16 FL OZ,"BOMBING RANGE BREWING COMPANY, 2000 LOGSTON BLVD #126 RICHLAND, WA 99354",,brand_name=review,"Single black-and-white image. The brand DAYS PAY IPA is painted as slanted, distressed stencil nose-art on the fuselage of an illustrated B-17, partly overlapped by three standing men; it is not set type. The most prominent clean text is BOMBING RANGE / BREWING COMPANY (the brewery) at the top. INDIA PALE ALE in condensed caps top right; 16 FL OZ | 6.8% ALC BY VOL bottom centre; brewer name and address (BOMBING RANGE BREWING COMPANY | 2000 LOGSTON BLVD #126 RICHLAND, WA 99354, no verb phrase) and the warning are rotated 90 degrees on the left edge; 10 YEAR ANNIVERSARY! banner; HERE'S TO YOU! copy and a signature script on the right. · filed brand 'DAYS PAY IPA', class 'ALE', origin 'WASHINGTON'"
26252001000041,spirits,KING CITY DISTILLERY,KING CITY WHISKEY,90 PROOF • 45% ALC/VOL,750 ML,"KING CITY DISTILLERY 215 COMMERCE ST. SUITE 100 KINGSPORT, TN 37660",,class_type=review,"Image 1: ornate vintage front label, black/gold engraving style. Brand 'KING CITY' in large black serif display with a gold crown between the words, 'DISTILLERY' letterspaced below; 'SMALL BATCH' and 'CRAFT SPIRITS' on curved gold ribbons; 'DISTILLED FROM GRAIN AND FINISHED IN AN OAK BARREL'; product name 'KING CITY WHISKEY' on two lines; bottom line '90 PROOF • 45% ALC/VOL • 750 ML' in condensed caps. Image 2: back label with 'PROUDLY DISTILLED AND BOTTLED BY KING CITY DISTILLERY 215 COMMERCE ST. SUITE 100 KINGSPORT, TN 37660', 'KING CITY WHISKEY' in gold outlined caps on a black panel, warning, barcode. The only designating word is WHISKEY inside 'KING CITY WHISKEY' (filed class: WHISKY). · filed brand 'KING CITY DISTILLERY', class 'WHISKY', origin 'TENNESSEE'"
26252001000142,spirits,LOWERTOWN,STRAIGHT BOURBON WHISKEY,49.5% ALC./VOL 99 PROOF,750ML,"TOLEDO SPIRITS CO., TOLEDO, OH, U.S.A.",,,"Image 1 (1350x1560) is the front, black and grey on white: curved tagline 'TIRELESS CRAFT & CREATIVE INNOVATION' over a crown, then the brand 'LOWERTOWN' in a large bouncy brush/script display face with a tall swash L, printed on top of the fanciful name 'OBSCURE' in grey italic display caps (the two words overlap, an OCR risk); '10 YEAR' in grey italics, 'STRAIGHT' in bold black, 'BOURBON WHISKEY' in grey wide caps; curved 'PRODUCED & BOTTLED BY' over 'TOLEDO SPIRITS CO.', '99' / 'PROOF' stacked in the centre, '750ML' (ML smaller) bottom-left, '49.5%' / 'ALC./VOL' stacked bottom-right (the percent sign is a small superscript), 'BATCH#'. Alcohol and proof are separate elements, not one statement. Image 2 (1200x1039) is the back: small 'Lowertown' logo with a red crown, a marketing paragraph in spaced bold caps, the government warning in light spaced type, curved 'PRODUCED & BOTTLED BY' over 'TOLEDO SPIRITS CO. TOLEDO, OH, U.S.A. DISTILLED IN INDIANA LOWERTOWNBOURBON.COM', and a 'PLACE HOLDER FOR UPC' box. No street address. · filed brand 'LOWERTOWN', class 'STRAIGHT BOURBON WHISKY', origin 'OHIO'"
26252001000396,import,CHALONG BAY,Sugarcane Rum,40%Alc. by Vol.,700ML,"Andaman Distillers Company Limited 14/2 Moo 2 Soi Palai 2 Mueang Phuket, Phuket 83130 Thailand",Thailand,class_type=review,"Image 1 is the front label, distressed black-on-white print: 'THE SPIRIT OF PHUKET' on an arc, 'Est. 2010' handwritten in blue, 'SMALL BATCH' in red, 'CHALONG BAY' in large inline display capitals, 'DISTILLED FROM 100% FRESH SUGARCANE' between bamboo rules, 'THAILAND [sugarcane icon] HANDCRAFTED', then a form with captions 'DISTILLED BY:' (blue handwritten signature), 'SERIES: silver' (handwritten), 'SERIES NO. 001', and the boxes captioned 'ALCOHOL VOL:' and 'VOL:' whose handwritten values read '700 ml' and '40% Alc. by Vol.' (swapped relative to the captions); a red circular stamp reads 'CHALONG BAY RUM'. The word 'RUM' appears on the front only inside that stamp. Image 2 is a narrow back strip (only 230 px wide, small type): 'CHALONG BAY', 'Sugarcane Rum', '40%Alc. by Vol. 700ML' with an e-mark, 'Produced in Thailand.', 'Manufactured by Andaman Distillers Company Limited 14/2 Moo 2 Soi Palai 2 Mueang Phuket, Phuket 83130 Thailand.', 'Imported by Thai Craft Inc., Stamford, CT', the government warning, 'IA/CA5c,VT/ME15c REFUND CA CASH REFUND', 'FOR EXPORT', barcode 8 859073 703002. Image 3 is a long thin neck strip: 'handcrafted' in script (one copy mirrored), the signature, and the same series/alcohol/volume boxes in tiny print. Image 4 is a side panel: 'EXTRA SMOOTH TROPICAL TASTE', three illustrated panels ('FRESH THAI SUGARCANE', 'FRENCH COPPER STILL', 'SLOW MATURATION PROCESS'), vertical text 'BOTTLED ON THE DAY OF: 09092026' and 'DISTILLED AND BOTTLED IN THAILAND', and a typewriter-face paragraph. Alcohol and volume are typeset only on the small back strip; on the front they are handwriting. Class flagged for review: the designating words are small print on the back strip and inside a stamp on the front. · filed brand 'CHALONG BAY', class 'OTHER RUM GOLD FB', origin 'THAILAND'"
26252001000480,wine,OPPEGAARD MEADERY,BLUEBERRY MEAD,ALC. 14% BY VOL.,750ML,"OPPEGAARD MEADERY TUKWILA, WA",,brand_name=review,"Single image. Everything in white on a dark blue painted dragon illustration. BLUEBERRY MEAD (largest text) is in an uncial/Celtic display face across the top band; the brand appears only inside the bottler line near the bottom, in the same uncial face: PRODUCED AND BOTTLED BY / OPPEGAARD MEADERY / TUKWILA, WA. Below that in a plain serif: ALC. 14% BY VOL.  CONTAINS SULFITES  VOL 750ML, then the warning. Net contents printed as VOL 750ML. · filed brand 'OPPEGAARD MEADERY', class 'HONEY BASED TABLE WINE', origin 'WASHINGTON'"
26252001000516,spirits,THORNHILL FARM,rye whiskey,80 Proof | 40% alc./vol.,375 mL,"Thornhill Farm, LLC, 114 Park Lane, Ferrisburgh, Vermont 05456",,,"Single wide wrap (2721x900). Upper half is a photograph of a rye field; all text is light-on-black in the lower band and right panel. Brand 'THORNHILL FARM' in white widely letterspaced serif caps under 'CHAMPLAIN VALLEY GRAIN CENTER' (gold tracked caps); class 'rye whiskey' in gold lowercase serif; '375 mL | 80 Proof | 40% alc./vol.' small gold line beneath. Left panel: 'DISTILLED IN VERMONT', 'bottled by / Thornhill Farm, LLC / 114 Park Lane / Ferrisburgh, Vermont 05456', website, barcode, Kosher mark. Right panel: mash bill, bullet list, a quotation and a handwritten signature, condensed warning, 'FOR SALE IN VERMONT ONLY'. · filed brand 'THORNHILL FARM', class 'RYE WHISKY', origin 'VERMONT'"
26252001000553,import,Crown Royal,Blended Canadian Whisky,45% ALC BY VOL (90 PROOF),50 mL,"THE CROWN ROYAL COMPANY, NEW YORK, NY",Canada,,"Both images are small, low-resolution scans of a miniature (50 mL) bottle label. Image 1 (341x392) is the front: gold text on a dark purple curtain illustration with a red crown on a cushion; 'Crown Royal' in script, 'BLACK' in large serif caps (the fanciful name), 'ROBUST, FULL-BODIED' small, 'Blended Canadian Whisky' in script, 'A PRODUCT OF' small spaced caps, 'The Crown Royal Distilling Company' in script, and '45% ALC BY VOL (90 PROOF)' in small condensed caps along the bottom; a code number runs vertically at the right edge. Image 2 (721x788) is the back: gold condensed text on black, 'IMPORTED BY AND BOTTLED FOR THE CROWN ROYAL COMPANY, NEW YORK, NY', the government warning, '50 mL', 'PRODUCT OF CANADA', 'www.crownroyal.com', phone number, a rotated 'ME 5¢ CA CRV' deposit line, a 21+ roundel and a large barcode. All four required fields are readable but the type is small and slightly soft. · filed brand 'CROWN ROYAL', class 'CANADIAN WHISKY USB', origin 'CANADA'"
26252001000572,import,Alister MacKenzie,BLENDED SCOTCH WHISKY,40% ALC./VOL.,750 mL,"CHERRY RIVER DISTILLERY, 120 RUE DES PINS, MAGOG, QUÉBEC, J1X 2H9",Scotland,,"Image 1 (1027x1706) is the front: white type on a solid rust-brown panel. 'THE HOUSE OF' in bold serif caps, 'Alister MacKenzie' in a large casual brush script, 'BLENDED SCOTCH WHISKY' in bold serif caps, 'Product of Scotland', '40% ALC./VOL.', '750 mL - 26 fl. oz.' (the US figure 26 fl. oz. is printed after the metric). Image 2 (994x1502) is a colour portrait of a kilted man seated on a chest with a blue die-cut outline; no text other than tiny painter's and sitter's signatures. Image 3 (973x1494) is the back: tartan band at top, then on dark green a yellow heading 'A Tribute to Scottish Craftsmanship - Inspired by Alister MacKenzie', three paragraphs in condensed yellow type, the government warning in white condensed caps, 'PRODUCT OF SCOTLAND', 'IA 5¢, ME 15¢, VT 15¢', 'BOTTLED BY: CHERRY RIVER DISTILLERY, 120 RUE DES PINS, MAGOG, QUÉBEC, J1X 2H9.', 'IMPORTED BY: MIDDLETON WHITE SELECTIONS OAKLAND PARK, FL 33311', 'DISTRIBUTED BY: MIDDLETON WHITE SELECTIONS IN COLLABORATION WITH WINE TWIST', and a vertical barcode. Brand is script; bottler is in Canada while the product is of Scotland. · filed brand 'ALISTER MACKENZIE', class 'SCOTCH WHISKY FB', origin 'SCOTLAND'"
26252001000585,wine,Oh My Wined,MOSCATO,13.5% Alcohol by Volume,750ml,"Tailored 385, LLC, Brownfield, TX",,,"Image 1 is the back label, black type on off-white (slightly soft/blurred rendering, but readable): 'Moscato' in a large script face, 'Oh My Wined' in bold serif, 'Texas High Plains', two paragraphs of marketing text, a gold rule and butterfly, then centred small print 'Produced and Bottled By / Tailored 385, LLC, Brownfield, TX', '750ml', 'CONTAINS SULFITES', '13.5% Alcohol by Volume', and the government warning in mixed case. Image 2 is the front: a large black letter O ringed with pastel butterflies and flowers on a mottled parchment background, 'Oh My Wined' in script, a gold rule, the fanciful name 'GOLDEN HOUR' in gold letter-spaced capitals, and 'MOSCATO' in small gold capitals between ornaments. Brand is printed in script on the front and in serif on the back. Class printed as 'MOSCATO' (front) and 'Moscato' (back); filed class is 'TABLE WHITE WINE', the words 'white wine' are not on the label. · filed brand 'OH MY WINED', class 'TABLE WHITE WINE', origin 'TEXAS'"
26253001000234,wine,JOEL GOTT,SAUVIGNON BLANC,13.0% ALC. BY VOL.,750ML,"JOEL GOTT WINES • NAPA & LODI, CALIFORNIA",,,"Image 1 front, image 2 back. Brand in grey small-caps serif with enlarged J and G and no visible word space (JoelGott). SAUVIGNON BLANC and CALIFORNIA letter-spaced; LIGHT BUBBLES (fanciful) on a blue band with BUBBLES in yellow-outlined dark letters. The alcohol statement is tiny and rotated 90 degrees on the right edge of the front. Back: LIGHT BUBBLES, SAUVIGNON BLANC, description, ENJOY and a Joel Gott signature script, CONTACT US AT JG@GOTTWINES.COM, CELLARED & BOTTLED BY JOEL GOTT WINES • NAPA & LODI, CALIFORNIA, warning, CONTAINS SULFITES • 750ML, ME 15¢ IA 5¢, serving facts box, QR code, CA CRV. · filed brand 'JOEL GOTT', class 'TABLE WHITE WINE', origin 'CALIFORNIA'"
26253001000463,import,RELAX,Grape Wine with Artificial Flavor and Artificial Colors,ALC. 7.5% BY VOL.,750 ML,"SCHMITT SOHNE USA, MANTECA, CA 95336",Germany,,"Image 2 is the front: 'RELAX' (with ®) in very large white sans printed vertically (rotated 90 degrees counter-clockwise, reading bottom to top) on a peach-orange ground with photographic peaches; 'Peach' in white script and 'WHITE BLEND' in white caps at the bottom. Image 1 is the back: all white text on orange; class statement 'Grape Wine with Artificial Flavor and Artificial Colors', 'ALC. 7.5% BY VOL. • NET. CONT. 750 ML', 'PRODUCT OF GERMANY', 'BOTTLED BY: SCHMITT SÖHNE GMBH D-54340 LONGUICH/GERMANY', importer 'IMPORTED BY: SCHMITT SOHNE USA, MANTECA, CA 95336', warning, barcode, QR. Importer used as bottler line; German bottler in these notes. Class, alcohol and net appear only on the back. · filed brand 'RELAX', class 'TABLE FLAVORED WINE', origin 'GERMANY'"
26253001000474,import,MAS RODÓ,Cabernet Sauvignon,"ALC. 14,5% BY VOL.",750 ml.,"GRAPEVINE DISTRIBUTORS, CONCORD NC",Spain,,"Image 1 (1391x860) is a flat wrap with the front panel on the left and the back panel on the right, all in gold type on a burgundy ground with a large dark line-art drawing of grass/stalks running through both panels (lines cross the text). Front: 'MAS RODÓ' in letter-spaced caps, 'Cabernet Sauvignon', 'Negre, 2016' (monospace), a Catalan tasting note, '750 ml. 14,5% Vol.' (percent sign small) and 'Penedès'. Back: 'MAS RODÓ', 'Cabernet Sauvignon', 'Red, Tinto, 2016', English and Spanish tasting notes, vineyard data, 'Penedès Denominació d'Origen', 'Elaborat i embotellat per Impacto y Acción S.A., Mas Rodó. Mediona, 08773ES. Product of Spain. L-045 R.E. 03.054.00.CAT. Conté sulfits/Contain sulfits/Contiene sulfitos.', a QR code, barcode and website; '750 ml.' and '14,5% Vol.' are also printed sideways (rotated 90 degrees) along the right edge. Image 2 (697x241) is the small US strip label, black sans on white in a thin green frame: 'MAS RODÓ. CABERNET SAUVIGNON. 2016. PENEDÈS. RED WINE. ALC. 14,5% BY VOL. PRODUCED AND BOTTLED BY IMPACTO Y ACCIÓN S.A. MEDIONA, BARCELONA. PRODUCT OF SPAIN. CONTAIN SULFITES L-045 R.E. 03.054.00.CAT. IMPORTED BY GRAPEVINE DISTRIBUTORS, CONCORD NC' followed by the government warning. Alcohol uses a comma decimal (14,5%). The filed class is DESSERT/PORT/SHERRY wine but the labels say 'Cabernet Sauvignon' and 'RED WINE'. · filed brand 'MAS RODO', class 'DESSERT /PORT/SHERRY/(COOKING) WINE', origin 'SPAIN'"
26253001000499,import,LES DEMOISELLES DE LARRIVET HAUT-BRION,WHITE BORDEAUX WINE,ALC. 14% BY VOL.,750ML,"ELYSIA & CO NEW YORK, NY",France,,"Image 1 (1254x738) is a typed US strip label, black condensed sans on white with an 'ELYSIA & CO' mermaid logo at top-left: 'LES DEMOISELLES DE LARRIVET HAUT-BRION 2019', 'APPELLATION PESSAC-LEOGNAN CONTROLEE', 'IMPORTED BY: ELYSIA & CO NEW YORK, NY', 'PRODUCT OF FRANCE', 'WHITE BORDEAUX WINE', 'ALC. 14% BY VOL.', 'NET CONT. 750ML', the government warning, 'CONTAINS SULFITES', 'ACQUIRED FROM A PRIVATE COLLECTION'. Image 2 (412x565, small) is the French back label: 'LES DEMOISELLES DE LARRIVET HAUT-BRION', a French/English paragraph, 'PESSAC-LÉOGNAN', 'MIS EN BOUTEILLE À LA PROPRIÉTÉ', 'Sauvignon - Sémillon' in script, '2019', 'SAS CHÂTEAU LARRIVET HAUT-BRION 33850 LÉOGNAN - FRANCE', 'PRODUIT DE FRANCE - PRODUCE OF FRANCE', a multilingual sulfite box, '14% vol.', '750 ml', a Bordeaux hologram and QR code. Image 3 (1162x877) is the front: 'LES DEMOISELLES DE' small over 'LARRIVET HAUT-BRION' large in an engraved serif, an 'LHB' monogram, an art-nouveau drawing of three women, 'PESSAC-LÉOGNAN', 'GRAND VIN DE BORDEAUX', '2019'; no alcohol or net contents. Bottler field holds the importer; producer SAS Château Larrivet Haut-Brion, Léognan. · filed brand 'LES DEMOISELLES DE LARRIVET HAUT-BRION', class 'TABLE WHITE WINE', origin 'FRANCE'"
26253001000507,import,Rielinger,White Wine,Alc. 12 % by Vol.,750ml,"Barrel Down Selections Santa Barbara, CA",Italy,,"Single very wide image (8215 x 1710) of a wraparound label. The regulatory block occupies the left fifth in small black sans type: 'Imported by Barrel Down Selections / Santa Barbara, CA / www.barreldownselections.com', a small grape logo, 'Kerner - 2024' (bold), 'White Wine', 'Appellation  Vigneti delle Dolomiti IGT', 'Product of italy' (lowercase i as printed), 'Messner Matthias - Siffianer Leitach 7' (the producer, printed without a verb phrase), 'Alc. 12 % by Vol. - Contains Sulfites - 750ml' on one line, then the government warning. The centre has 'Rielinger' in a large thin script face over 'Kerner' in a light sans, above a long pencil-shaded mountain-profile drawing with tiny rotated annotations ('total: 932 mm', 'Max: 36,85 C' or similar, not relied on). Right side is blank. Varietal 'Kerner' is the front designation; 'White Wine' is the class statement in the left block. The bottler field holds the importer line because the producer line has no verb phrase or full address. · filed brand 'RIELINGER', class 'TABLE WHITE WINE', origin 'ITALY'"
26253001000558,import,MEYSARI,DRY WHITE WINE,"Alc. 12,5% by Vol.",750 ml,"Chingiz LLC, Fairfax, VA",Azerbaijan,,"Both images are print proofs with dimension arrows and Cyrillic mm labels (84,5 мм by 128,0 мм) outside the label area. Image 1 front: MEYSARI in green letter-spaced serif, BULLURI (cuvée name) in a condensed face between dashes, estate engraving, DRY WHITE WINE, grape emblem, AZERBAIJAN, 2023. Image 2 back: all text in brown italic serif; alcohol uses a comma decimal (Alc. 12,5% by Vol.) and 750 ml is in bold italic; Product of Azerbaijan; producer Shirvan wines LLC, Suleyman Rustam 9, AZ 1100 Baku, Azerbaijan; Imported by Chingiz LLC, Fairfax, VA; grape varieties and lot line; map of Azerbaijan, SHIRVAN WINES logo, ISO logo, QR code, barcode. · filed brand 'MEYSARI', class 'TABLE WHITE WINE', origin 'AZERBAIJAN'"
26253001000569,wine,TIN CROSS,Merlot,Alcohol 13.5% by Volume,750 ML,"Los Altos Vineyards, Los Gatos, CA",,,"Very large images (4713x5437 front, 4351x4771 back). Front: brand 'TIN CROSS' in a very thin, tall condensed display face overlapping a large purple calligraphic monogram; '2025' top right; 'PINE MOUNTAIN - CLOVERDALE PEAK' serif caps; 'Merlot' in grey script; 'CARBONIC MACERATION'; 'Alcohol 13.5% by Volume' in italic serif. Back: 'CARBONIC MERLOT' header, tasting text, '# CASES: 34' and 'ALC BY VOL: 13.5%' with the values in a handwriting font, 'Pine Mountain-Cloverdale Peak' in vertical script down the left, 'Produced & Bottled by Los Altos Vineyards, Los Gatos, CA', 'CA CRV', 'Contains Sulfites', '750 ML' (small, back only), warning in serif caps. Net contents appear only on the back. · filed brand 'TIN CROSS', class 'TABLE RED WINE', origin 'CALIFORNIA'"
26253001000614,import,KSIĄŻĘCE,INDIA PALE ALE,5.4% ALC./VOL.,500 ml,"EURO LIQUOR LLC, SCHAUMBURG, IL 60173",Poland,,"Single image (2498x1929): a flat can wrap, Polish-language design. Upper half is pale yellow with a brown engraved portrait of a bearded man: 'INDIA PALE ALE' in a brown band at the top of both panels, 'KOLEKCJA PIW ŚWIATA' spaced caps, and the brand 'KSIĄŻĘCE' in very large dark-brown serif caps with Polish diacritics (Ą, Ż, Ę); the right panel repeats the brand smaller with 'IPA' and a Polish paragraph. Lower half is teal: 'IPA' huge, 'RZEŚKIE, WYTRAWNE, GORYCZKOWE', 'ALK. 5,4% OBJ.' (Polish alcohol statement, white condensed caps), a 'KAUCJA 0,50 ZŁ' deposit mark, barcode, '500 ml' in white, 'EKSTRAKT 13,0% WAG. GORYCZKA IBU 35 ALKOHOL 5,4% OBJ.', a QR code, and Polish ingredient text. The US statements are printed sideways (rotated 90 degrees, reading bottom to top) in small dark sans at the right edge: 'KSIAZECE IPA LIGHT BEER / IMPORTED BY: EURO LIQUOR LLC, SCHAUMBURG, IL 60173 / PRODUCT OF POLAND', 'CA REDEMPTION VALUES...', '5.4% ALC./VOL.', '500ML/US 1PT.0.9 FL. OZ', 'AVERAGE ANALYSIS PER 12 FL.OZ...' and the government warning. The alcohol field uses the sideways US statement; the second volume figure is 'US 1PT.0.9 FL. OZ'. The sideways text spells the brand without diacritics ('KSIAZECE', matching the filed brand) and calls the product 'LIGHT BEER'. · filed brand 'KSIAZECE', class 'ALE', origin 'POLAND'"
26253001000813,spirits,HAVISHAM,BLENDED BOURBON WHISKEY,100 PROOF | 50% ALC/VOL,750 ML,"HAVISHAM HOUSE PROPERTY, LLC, ANNA, IL",,,"Image 1 (968x1198) is the front: a black label with gold filigree and a gold double border; an 'HH' barrel monogram, 'HAVISHAM' in large white Victorian display caps with gold outline and drop shadow, 'CRAFTED IN ALTO PASS, IL' in gold serif caps, 'FOUR GRAIN' in small spaced caps, 'BLENDED BOURBON WHISKEY' in white condensed caps inside a gold-ruled band, and a bottom row '750 ML | 100 PROOF | 50% ALC/VOL' in gold. Image 2 (801x1151) is the back, gold on black: the monogram, a marketing statement in wide spaced caps, a handwritten-style line 'Open a bottle with strangers, finish a bottle with friends!', the government warning in condensed gold caps, 'DISTILLED IN INDIANA', 'FINISHED AND BOTTLED BY: HAVISHAM HOUSE PROPERTY, LLC, ANNA, IL', 'www.havishamhouse.com/bourbon-bar', barcode. Image 3 (311x2076) is a tall narrow neck strip, black with gold edges and the 'HH' monogram only; no text. Proof is printed before the percentage. Filed class BLENDED BOURBON WHISKY; label spells 'WHISKEY'. · filed brand 'HAVISHAM', class 'BLENDED BOURBON WHISKY', origin 'ILLINOIS'"
26254001000123,import,ARINE,ARMENIAN BRANDY,40% ALC./VOL.,700ML,"ARARAT BRANDY FACTORY LLC, 0607, ARARAT VILLAGE, TEVOSYAN ST., HOUSE 43, REPUBLIC OF ARMENIA",Armenia,,"Image 1 is the front: white label with a blue zigzag border, a round 'BRANDY FACTORY ABF' seal with 'Since 1895' either side, 'ARINE' very large in gold serif capitals, 'ARARAT BRANDY FACTORY' in gold, 'aged 8 years' in a box, 'ARMENIAN BRANDY', 'BLENDED TECHNOLOGY', 'SMOOTH TASTE', a yellow-and-blue mountain graphic, then on a dark blue panel the brand in Armenian script (light text on dark), 'PRODUCED IN ARMENIA', '700ML' and '40% ALC./VOL.' on one line in white. Image 2 is the back (447 x 671, small bold condensed type): 'ARINE', 'ARMENIAN BRANDY', '8 -YEAR-OLD', the government warning, 'SHELF LIFE IS UNLIMITED SUBJECT TO STORAGE CONDITIONS.', 'MANUFACTURER: ARARAT BRANDY FACTORY LLC, 0607, ARARAT VILLAGE, TEVOSYAN ST., HOUSE 43, REPUBLIC OF ARMENIA. TEL.: +374(10) 52 66 36, E-MAIL: export@araratcf.com. PRODUCTION ADDRESS: 0628, ARARAT PROVINCE, TAPERAKAN VILLAGE, ISAKOV 20/2, REPUBLIC OF ARMENIA. IMPORTED BY: BLACK SEA IMPORTS, INC., BROOKLYN ARMY TERMINAL, 140 58TH ST., BLDG. B, UNIT 2C, BROOKLYN, NY 11220, USA, WWW.BLACKSEANY.COM, TEL: +1 (718) 513-6230', '700 ML' and '40% ALC./VOL.' repeated, 'DATE OF BOTTLING: / LOT:' on a grey panel, recycling marks, 'EAC', a barcode. Filed class is 'OTHER GRAPE BRANDY (PISCO'; the label says 'ARMENIAN BRANDY'. Net contents printed '700ML' on the front and '700 ML' on the back. · filed brand 'ARINE', class 'OTHER GRAPE BRANDY (PISCO', origin 'ARMENIA'"
26254001000514,spirits,QUARTZ MOUNTAIN DISTILLERS,STRAIGHT BOURBON WHISKEY,ALC. 50 % BY VOLUME | 100 PROOF,750 ML,"QUARTZ MOUNTAIN DISTILLERS, INC. VANCOUVER, WASHINGTON",,alcohol_content=review,"Image 1 is the main wrap: light text on dark navy with a topographic line pattern and a wolf engraving. BOURBON is rotated 90 degrees in large brown caps with Cask Strength in script beside it (fanciful); QUARTZ MOUNTAIN in bold white caps with DISTILLERS letter-spaced beneath; STRAIGHT BOURBON WHISKEY in brown caps; mash bill line 69% CORN | 17% WHEAT | 9% BARLEY | 5% RYE. The bottom line reads 750 ML | ALC. 50 % BY VOLUME | 100 PROOF, but the figures 750, 50 and 100 are in a handwriting-style face (as is the 4 in AGED 4 YEARS and the blank CASK # / BOTTLE # fields). Bottler and warning are small and rotated 90 degrees on the right edge: A FINE SPIRIT HANDCRAFTED IN VANCOUVER WASHINGTON AND DISTILLED FROM GRAIN / DISTILLED & BOTTLED by QUARTZ MOUNTAIN DISTILLERS, INC. VANCOUVER, WASHINGTON. Image 2 is a neck strip with only ENCOUNTER YOUR SPIRIT (vertical) and a QMD / VANCOUVER WASHINGTON roundel. · filed brand 'QUARTZ MOUNTAIN DISTILLERS', class 'STRAIGHT BOURBON WHISKY', origin 'WASHINGTON'"
26254001000643,import,Domaine André et Mireille TISSOT,WHITE JURA WINE,ALC 16.5% BY VOL,620ML,"WINEWISE, BENICIA, CA",France,brand_name=review;class_type=review,"Image 1 is a scanned/photocopied importer strip label, bold black sans on white, slightly skewed: 'A THOMAS CALDER SELECTION / IMPORTED BY : WINEWISE, BENICIA, CA / ARBOIS VIN JAUNE CURON 2018 / Domaine André et Mireille TISSOT / 39600 Montigny Les Arsures - France / WHITE JURA WINE / Product of France / Produit de France / Contient des sulfites - Contains sulfites / NET CONTENTS 620ML  ALC 16.5% BY VOL / warning / CA CRV'. Image 2 is the French front label on cream with a faint barrel drawing: 'Vin Jaune 2018' large condensed serif, '""Curon""' in script, '16,5 % alc./vol.  620 ml' (comma decimal), 'BÉNÉDICTE & STÉPHANE TISSOT', 'Mis en bouteilles au Domaine / ANDRÉ & MIREILLE TISSOT / 39600 MONTIGNY - JURA - FRANCE', 'Produit de France - Product of France', 'ARBOIS APPELLATION ARBOIS CONTRÔLÉE', tiny vertical sulfite text and lot 'L 30-18' on the left margin. The brand is never printed as a headline, only inside producer lines (as 'Domaine André et Mireille TISSOT' on the strip and 'ANDRÉ & MIREILLE TISSOT' on the front). Filed class is dessert wine; the label designates 'WHITE JURA WINE' / 'Vin Jaune'. Importer used as bottler line. · filed brand 'DOMAINE ANDRE ET MIREILLE TISSOT', class 'DESSERT /PORT/SHERRY/(COOKING) WINE', origin 'FRANCE'"
26254001000677,import,Chaput Jacques & Fils,Champagne,ALC 12% BY VOL.,750ML,"Thomas Wine Imports, 201 Bryant Street, Ojai, CA, 93023",France,brand_name=review;class_type=review,"Single wide strip label (2058x764), black on white. Left block: the government warning in condensed caps, 'CONTAINS SULFITES', then '750ML' over 'ALC 12% BY VOL.' in condensed type and 'CA CRV'. Centre: 'Valette' (the fanciful name) in a very large flowing calligraphic script with a long swash on the V; it is the dominant name on the label. Right block, right-aligned: 'Champagne • Blanc de Blancs • Brut' in gold, '100% Chardonnay', 'Élaboré par / Sarl Champagne Chaput Jacques & Fils / Arrentières, France - NM-438-001 / Product of France', then 'Imported by / Thomas Wine Imports / 201 Bryant Street, Ojai, CA, 93023' and 'ValetteWines.com'. The filed brand 'CHAPUT JACQUES & FILS' is printed only in small type inside the producer line ('Sarl Champagne Chaput Jacques & Fils'); the big script name is 'Valette'. The class word 'Champagne' appears inside the bullet line 'Champagne • Blanc de Blancs • Brut' (and in the producer name). · filed brand 'CHAPUT JACQUES & FILS', class 'SPARKLING WINE/CHAMPAGNE', origin 'FRANCE'"
26255001000031,wine,My First Crush,GRACIANO,ALC. 15.5% BY VOL.,750ML,"VEGA VINEYARD & FARM SANTA YNEZ, SANTA BARBARA COUNTY, CA",,brand_name=review;class_type=review,"Image 2 (1264x1089) is the front: a navy background with 'My First Crush' as a very large, loose gold brush-script signature (letters overlap and are hard to read; 'My' and 'first' are stacked, 'Crush' sweeps beneath) and a gold brush-painted heart; bottom-right in small gold spaced caps: 'GRACE' (fanciful name), 'SANTA YNEZ VALLEY', '2025'. No class, alcohol or net contents on the front. Image 1 (924x1088) is the back, navy with grey/gold type: an italic quote in grey, a grey signature (Shawn Cassidy?), 'WWW.MYFIRSTCRUSH.COM', '@MYFIRSTCRUSHWINES', '2025 GRACE' in gold spaced caps, '100% GRACIANO' small, 'SANTA YNEZ VALLEY' large gold, 'PRODUCED & BOTTLED BY VEGA VINEYARD & FARM SANTA YNEZ, SANTA BARBARA COUNTY, CA' in grey spaced caps, the government warning in grey condensed caps, then 'ALC. 15.5% BY VOL.   750ML   CONTAINS SULFITES' and a boxed 'CA CRV'. No generic class statement (no 'red wine'/'table wine'); the only designating words are the varietal inside '100% GRACIANO' on the back. Filed class DESSERT/PORT/SHERRY/(COOKING) WINE. Brand is a stylised brush script that OCR is unlikely to read. · filed brand 'MY FIRST CRUSH', class 'DESSERT /PORT/SHERRY/(COOKING) WINE', origin 'CALIFORNIA'"
26257001000096,spirits,Carp River,RUM,40% ALC/VOL (80 PROOF),750 ML,"CARP RIVER BOTTLE & TAP - LELAND, MICHIGAN",,brand_name=review,"Single image, black on white with a thin black border. The logo at the top is 'Carp River' in a bold brush script, with 'BOTTLE & TAP' in bold capitals beneath it between small 'FISHTOWN' and 'LELAND, MI' lines; below that 'Carp River' again in a condensed sans and 'RUM' very large. The filed brand is 'CARP RIVER BOTTLE & TAP' and the fanciful name 'CARP RIVER RUM'; the largest brand form on the label is the script 'Carp River' logo, with 'BOTTLE & TAP' as a smaller tagline directly under it. A three-column row reads '40% / ALC/VOL', '750 / ML', '80 / PROOF' with the value above the unit in letter-spaced condensed capitals (no parentheses printed). Then 'PRODUCED AND BOTTLED BY / CARP RIVER BOTTLE & TAP - LELAND, MICHIGAN' (a bullet between name and city, transcribed as a hyphen) and the government warning in mixed case. · filed brand 'CARP RIVER BOTTLE & TAP', class 'U.S. RUM (GOLD)', origin 'MICHIGAN'"
26257001000113,spirits,BROWNE FAMILY SPIRITS,VODKA SPRITZ,6% ALC BY VOL,355ML,"BROWNE FAMILY SPIRITS, WALLA WALLA, WA",,brand_name=review;class_type=review,"Single can wrap, gold geometric sans caps on black. The dominant text is the fanciful name DO EPIC SH*T. (with an asterisk); the brand BROWNE FAMILY SPIRITS appears only inside the rotated producer line on the right: PRODUCED & CANNED BY BROWNE FAMILY SPIRITS, WALLA WALLA, WA. Front panel: YUZU CITRUS / VODKA SPRITZ / 6% ALC BY VOL • 355ML. The formal composition statement is also rotated on the right: DO EPIC SH*T. | VODKA WITH NATURAL FLAVORS, CARBONATED | 6% ALC. BY VOL., followed by INGREDIENTS. Left column badges: 6% ALC/VOL, 110 CALORIES, ALL NATURAL FLAVORS, GF GLUTEN FREE, 3G SUGAR, PLEASE RECYCLE. Second panel: VODKA + BUBBLES + YUZU CITRUS; REAL SPIRITS. REAL JUICE. REALLY EPIC. Serving facts rotated beside the barcode; VT 5¢. · filed brand 'BROWNE FAMILY SPIRITS', class 'VODKA SPECIALTIES', origin 'WASHINGTON'"
26257001000196,beer,FINBACK,WEST COAST PILSNER,5.2% ALCOHOL BY VOLUME,1 PINT (16 FLUID OUNCES),"FINBACK BREWERY, 7801 77TH AVENUE, QUEENS, NEW YORK 11385",,,"Single can wrap (1219x732): bright light-green text on white with magenta diagonal slashes; low contrast. 'FINBACK' very large squared sans; a second 'FINBACK' runs vertically down the centre. 'SLASH' (fanciful) and 'WEST / COAST / PILSNER' stacked in green caps; the same words appear rotated vertically at right. The alcohol statement is embedded in a fully-justified line with very wide word spacing: 'WEST COAST STYLE PILSNER WITH SIMCOE, CASCADE 5.2% ALCOHOL BY VOLUME' (repeated vertically). Brewer and net contents are in a narrow vertical column at the left, rotated 90 degrees clockwise: 'BREWED AND PACKAGED BY FINBACK BREWERY 7801 77TH AVENUE QUEENS, NEW YORK 11385 / 1 PINT (16 FLUID OUNCES) / REF NY CT PA NH MA VT ME'. Government warning in justified green caps, barcode bottom left. · filed brand 'FINBACK', class 'BEER', origin 'NEW YORK'"
26257001000200,wine,CORK n SCREW WINES,Cranberry - Mead,11.2% alc./vol.,750 ML,"CorkWineryPA LLC / Oil City, PA 16301",,class_type=review,"Single small image (657x670), white background. The brand logo at the top reads 'CORK n SCREW' in bold dark-red/black caps with a lowercase red 'n' and a corkscrew illustration standing in for the second 'E' of 'SCREW' (OCR will likely read 'SCR W' or similar), with 'WINES' in spaced caps beneath. A watercolour honey jar, dipper, bee and cranberries in the middle; 'Cranberry - Mead' in a red italic brush script; 'Produced & Bottled by / CorkWineryPA LLC  / Oil City, PA 16301 / Facebook - Cork n Screw' in italic; bottom line '11.2% alc./vol.', 'CONTAINS SULFITES', '750 ML' in small bold type. A tasting note runs vertically down the left edge (rotated, reading top to bottom) and the government warning runs vertically up the right edge (rotated, reading bottom to top). The filed class HONEY BASED TABLE WINE is expressed on the label only by the word 'Mead' inside 'Cranberry - Mead'. · filed brand 'CORK N SCREW WINES', class 'HONEY BASED TABLE WINE', origin 'PENNSYLVANIA'"
26257001000233,import,FAKLANDIA BREWPUB,5-YEAR BRANDY,92 PROOF | 46% ALC/VOL,750 ML,"DRIFTLESS GLEN DISTILLERY IN BARABOO, WI",France,,"Image 1 (835x1221) is the front, a cream label with red-gold rules: a circular painting of a wizard-hatted frog holding a flask of beer over green hills; 'MADE FOR' in small red caps at the top; 'FAKLANDIA BREWPUB' in a large ornate red-and-gold circus/woodtype display face with yellow outlines; 'STRANGELY FAMILIAR' in purple caps; '5-YEAR' in brown caps over 'BRANDY' in very large red-gold ornate caps; a row '92 PROOF | 46% ALC/VOL | 750 ML' in brown serif caps; 'AGED & BOTTLED BY DRIFTLESS GLEN DISTILLERY IN BARABOO, WI'. Image 2 (1109x1138) is the back, black on white: '5 YEAR RESERVE BRANDY' in bold serif, a paragraph ('This brandy began in France, where it was aged for five years in French oak. Then, it was finished in used Driftless Glen bourbon barrels...'), 'AGED & BOTTLED BY DRIFTLESS GLEN DISTILLERY · BARABOO, WI · GLUTEN-FREE', 'PRODUCT OF FRANCE' in italic, the government warning in large sans caps, a vertical barcode. The brand (a brewpub the brandy was 'MADE FOR') is in a heavily decorated display face; proof printed before the percentage. Filed class OTHER FRENCH BRANDY USB; label says '5-YEAR BRANDY' / '5 YEAR RESERVE BRANDY'. No importer line. · filed brand 'FAKLANDIA BREWPUB', class 'OTHER FRENCH BRANDY USB', origin 'FRANCE'"
26257001000268,import,VIVARITA,TEQUILA REPOSADO,40% Alc. by Vol. (80 PROOF),1L,"PRODUCTOS DE JALISCO S DE R.L. DE C.V. CAMINO DE LA HUERTA #49 VILLA CORONA, JALISCO. C.P. 45730",Mexico,,"Image 1 is the front, dark grey type on a cream background with a peach watercolor V shape: 'TEQUILA' (small, spaced), 'VIVARITA' very large in a rounded slab face, '- EXCEPCIONAL -' letter-spaced, 'REPOSADO', '100% DE AGAVE AZUL' in pale text over the orange centre of the V, a round grey stamp 'UNA VIDA BIEN VIVIDA / JALISCO MEX', and one condensed line at the bottom 'NET CONT. 1L 40% Alc. by Vol. (80 PROOF)'. Class words are split: 'TEQUILA' above the brand, 'REPOSADO' two lines below it. Image 2 is the back: brand block repeated top left, '100% DE AGAVE AZUL', 'DISTILLED AND BOTTLED BY: PRODUCTOS DE JALISCO S DE R.L. DE C.V. CAMINO DE LA HUERTA #49 VILLA CORONA, JALISCO. C.P. 45730', 'IMPORTED BY: DOS HERMANAS IMPORTING CO.,LLC, SAN ANTONIO, TX.', 'HECHO EN MEXICO', 'D.O.P.', 'NOM 1619', 'CRT', the government warning in a condensed face, and a UPC barcode. Net contents printed as '1L' with no space. · filed brand 'VIVARITA', class 'TEQUILA FB', origin 'MEXICO'"
26257001000271,import,Jozan,JAPANESE SAKE,15% ALC BY VOL,720ml,"SAKE SUKI, BRIDGEPORT, PA",Japan,brand_name=review,"Image 2 is the front: large brush-calligraphy kanji (常山 in black, 極 in gold) fill the label; the Latin brand is small and vertical at top left (Jozan / The Dry), TOKOYAMA SAKE BREWERY vertical with a red seal stamp, Kiwami 極 vertical at right. Image 1 is a slightly soft photo of the back label: Jozan — The Dry top left, “Kiwami” in serif with curly quotes top right, italic description, PRODUCED & BOTTLED BY TOKOYAMA SAKE BREWERY / IMPORTED BY SAKE SUKI, BRIDGEPORT, PA, warning, then bottom right in a condensed serif: CA CRV, ME15¢RV IA5¢, 720ml 15% ALC BY VOL, PRODUCT OF JAPAN, JAPANESE SAKE; sakesuki logo; a Japanese date box (製造年月) beside the barcode. Filed fanciful name THE DRY KIWAMI. · filed brand 'JOZAN', class 'SAKE - IMPORTED', origin 'JAPAN'"
26257001000296,spirits,BuzzBallz,PREMIUM VODKA WITH NATURAL FLAVORS AND CERTIFIED COLOR,ALC 15% BY VOL,200 ML,"BUZZBALLZ, LLC CARROLLTON, TX 75006",,,"Wide wrap (2352x632) over a busy photographic crushed-ice/diamond background; all text is pink or white with pink outline over the photo. Brand 'BuzzBallz' (with ®) in a pink rounded display face with a white outline; 'PINK LEMONSQUEEZY' white caps on a pink pill; class statement and 'ALC 15% BY VOL • 200 ML' in pink bold caps outlined white. 'BRIDE' in very large pink outlined letters running vertically up the left edge; 'WOMEN FOUNDED' vertical and 'SHAKE WELL' curved around it; barcode is a '100% FPO' placeholder. Right side: warning, 'PRODUCED & BOTTLED BY BUZZBALLZ, LLC / CARROLLTON, TX 75006', deposit marks. · filed brand 'BUZZBALLZ', class 'VODKA SPECIALTIES', origin 'TEXAS'"
26257001000396,import,Wipers Times,Belgian ale,Alc. 8.2% by Vol,20 Liters,"Gentenaar, LLC, Arlington, VA USA",Belgium,,"Single keg label (1076x1461) that looks like a screenshot of a word-processor page, black serif text on white. Headline in bold: 'Wipers Times Tripel' / 'Belgian ale' (brand, fanciful name and class run together over two lines). Then 'Alc. 8.2% by Vol', 'Product of Belgium', 'Brewed by Br. De Kazematten – 8900 Ieper', 'Kegged by Br. Het Sas – 8904 Boezinge', 'Imported by Gentenaar, LLC, Arlington, VA USA', 'Contents: 5.28 US Gallons – 20 Liters' (second volume figure 5.28 US Gallons), 'Batchnumber: 010825' (with a red spell-check squiggle under 'Batchnumber'), a pressurised-keg caution, the government warning in caps, and a large empty rectangle at the bottom. Top-right is a small green logo 'WIPERS —TIMES.' in spaced caps with 'TRIPEL' printed sideways beside it. The importer is used for the bottler field; the brewer is Br. De Kazematten, 8900 Ieper. · filed brand 'WIPERS TIMES', class 'ALE', origin 'BELGIUM'"
26257001000603,beer,Twisted Kiwi,Pale Ale,6.5% Alc. / Vol.,15.5 U.S. Gallons,"Rule of 3 Brewing LLC 201 W. High St, Unit B1 East Hampton, CT 06424",,,"Single image of a round keg collar. The outer ring is a dial of day numbers 1-31 and month abbreviations JAN-DEC printed radially around the circle. Centre block in a plain sans: 'Twisted Kiwi', 'Pale Ale - New Zealand', 'Dry Hopped w/ Nectaron & Motueka', '6.5% Alc. / Vol.'. A black band around the centre hole holds the government warning (left, condensed white type) and 'ATTENTION-READ BEFORE TAPPING' text (right), plus 'Re-Orders: KegCollar.com'. Under it: 'NET CONTENTS: [ ] 15.5 U.S. Gallons  [ ] ____ U.S. Gallons' with checkboxes (neither ticked), then 'Brewed and Packaged by / Rule of 3 Brewing LLC / 201 W. High St, Unit B1 / East Hampton, CT / 06424' beside a 'RULE OF 3 BREWING' jester logo. The brand is in the same modest size as the rest of the centre text, not a display face. Class printed as 'Pale Ale - New Zealand' (filed as 'ALE'). Net contents is a checkbox option rather than a fixed statement. · filed brand 'TWISTED KIWI', class 'ALE', origin 'CONNECTICUT'"
26257001000676,import,COLLE DEI PINI,Sparkling Wine,Alc. 11 % by vol.,750ml,"VineCraft Selections Troy, Ohio",Italy,,"Image 1 is the back label captured as a screenshot (grey window border visible): three-pine logo, COLLE DEI PINI small and letter-spaced, then widely letter-spaced serif lines Blanc de Blancs / Italy / Sparkling Wine / Extra Dry; Produced by TV/12205/IT; Distributed by Masseria La Volpe srl 64010 Ancarano (TE) Italia; PRODUCT OF ITALY; QR code, barcode, L XXXX lot placeholder, 2025, contains sulphites, 750ml, Alc. 11 % by vol. (space before the percent sign), IMPORTED BY VineCraft Selections Troy, Ohio, warning. Image 2 front: COLLE DEI PINI in gold on a black band, Blanc de Blancs (fanciful) in serif, Vino Spumante italic, MILLESIMATO, EXTRA DRY with flourishes; no alcohol or contents on the front. · filed brand 'COLLE DEI PINI', class 'SPARKLING WINE/CHAMPAGNE', origin 'ITALY'"
26258001000154,import,Omnipollo,"IMPERIAL STOUT WITH COCONUT, VANILLA, COCOA NIBS & PEANUT BUTTERFLAVOURING, AGED ON BOURBON BARRELS",12.4% ALC/VOL,2.64 GALLONS,"TWELVE PERCENT, YONKERS, NY.",Sweden,class_type=review,"Single keg-size label (799x826), black text on white. Brand 'Omnipollo' (with ®) in a modest rounded serif at the top; the fanciful name 'IMAGINE' is the dominant very large bold text. Class statement in bold caps over four lines with 'WITH' in grey; 'BUTTERFLAVOURING' is printed as one word. '2.64 GALLONS' and '12.4% ALC/VOL' on one line. Importer/brewer line: 'IMPORTED BY TWELVE PERCENT, YONKERS, NY. BREWED BY OMNIPOLLO AT DUGGES BRYGGERI, GÖTEBORG, SWEDEN. PRODUCT OF SWEDEN.' Importer used as bottler line. · filed brand 'OMNIPOLLO', class 'MALT BEVERAGES SPECIALITIES', origin 'SWEDEN'"
26258001000191,beer,BURIAL BEER CO,DOUBLE INDIA PALE ALE,8.5% Alc. By Vol.,1 pint,"BURIAL BEER CO., ASHEVILLE, NC",,,"Single wide can wrap (2438x1500) dominated by a dark illustration of an owl with a bird-skull mask in a mossy forest. All mandatory text is in a narrow black column at the far left in small gold/cream type: a cream roundel with 'BURIAL' in a blackletter-style face and 'BEER CO' tiny beneath (the only large brand mark), 'IN COLLABORATION WITH', 'BRUJOS' in an ornate blackletter, a 'BURNPILE RELIC 2024' skull seal with curved text, '8.5%' over 'Alc. By Vol.', '1 pint' in a blackletter face, 'BREWED & CANNED BY BURIAL BEER CO., ASHEVILLE, NC' in very small caps, and the government warning rotated 90 degrees (reading bottom to top) at the foot of the column; a long description paragraph also runs vertically (rotated) next to the column. The fanciful name 'DRAPED IN ASHEN CLOAKS' and the class 'DOUBLE INDIA PALE ALE' are hand-lettered in white on two black ribbon banners at the bottom-right of the artwork. No street address. · filed brand 'BURIAL BEER CO.', class 'ALE', origin 'NORTH CAROLINA'"
26258001000307,import,TRAMBUSTI,ROSÈ WINE,ALC. 12% BY VOL.,750 ML,"LUNEAU USA INC, WESTPORT, CT 06880",Italy,,"Image 1 (1003x910) is the back label, dark grey on dusty pink: a 'T' monogram and 'TRAMBUSTI' in spaced serif caps, 'CHIANTI' large, 'DENOMINAZIONE DI ORIGINE CONTROLLATA E GARANTITA', 'ROSÈ' in magenta (printed with a grave accent, not an acute), '2026', then a condensed block '750 ML - ROSÈ WINE - PRODUCT OF ITALY - ALC. 12% BY VOL.' / 'BOTTLED BY CHIANTI TRAMBUSTI S.R.L. - FIRENZE - ITALIA' / 'IMPORTED BY: LUNEAU USA INC, WESTPORT, CT 06880' / 'CONTAINS SULFITES', barcode and government warning. Image 2 (1149x1451) is the front: concentric copper-foil rings around 'CHIANTI', 'DENOMINAZIONE DI ORIGINE CONTROLLATA E GARANTITA', 'ROSÈ', with the 'T' monogram and 'TRAMBUSTI' at the bottom; no alcohol or net contents on the front. Bottler field holds the importer; the producer line is 'CHIANTI TRAMBUSTI S.R.L. - FIRENZE - ITALIA'. · filed brand 'TRAMBUSTI', class 'ROSE WINE', origin 'ITALY'"
26258001000320,spirits,LORD BOBBY,AMERICAN VODKA,40% alc/vol 80 PROOF,1 L,"SG WORLDWIDE INC., UTICA , NY",,,"Image 1 is the front: navy label with gold frame, a gold crown-and-monogram at top, 'DISTILLED FROM 100% CORN' and 'NATURALLY GLUTEN FREE' in gold at the corners, 'LORD BOBBY' very large in bevelled white/silver 3D capitals with drop shadows, '- AMERICAN VODKA -' in gold capitals, 'DISTILLED TO PERFECTION IN THE UNITED STATES OF AMERICA', three stars, a painted Statue of Liberty and skyline illustration, a round 'MADE IN USA / PROUDLY AMERICAN' flag medallion, 'SMOOTH TASTE' and 'CLEAN FINISH' ribbons, a red script signature 'Lord Bobby', and at the bottom '1 L' (left, gold) and '40% alc/vol' over '80 PROOF' (right, gold, two lines, no parentheses). Image 2 is the back: dark navy with blue icons and 'DISTILLED 5 TIMES FROM 100% CORN', 'NATURALLY GLUTEN FREE', 'CRISP, CLEAN & REMARKABLY SMOOTH', a white box with a vertical barcode, the government warning, and 'BOTTLED BY: SG WORLDWIDE INC., UTICA , NY' in small dark red type (space before the comma as printed), then 'WWW.SGWORLDWIDEINC.COM'. Light text on dark background throughout. · filed brand 'LORD BOBBY', class 'VODKA 80-89 PROOF', origin 'NEW YORK'"
26258001000324,import,LAFALISE FROISSART,CHAMPAGNE,ALC. 12% BY VOL.,750 ML,"WILLETTE WINES, DENVER, COLORADO",France,,"Image 2 front (960x968, with 80.00 by 74.00 dimension lines outside the label): white and gold on black; the brand is set in a stylized unicase display face that reads like LaFaLise FROISSarT; CHAMPAGNE in gold letter-spaced caps; TRADITION; MAISON D'INITIÉS; Brut; grey crest with crown. Image 1 is a very small back label (355x473) with everything in tiny type: logo top left (LAFALISE FROISSART CHAMPAGNE), Cuvée TRADITION BRUT, grape varieties and technical lines, warning, IMPORTED BY WILLETTE WINES, DENVER, COLORADO, WILLETTE WINES logo, PRODUCED BY SAS LAFALISE FROISSART 51360 VERZENAY, France – NM-755-001, PRODUCT OF FRANCE, WHITE SPARKLING WINE, CONTAINS SULFITES, NET CONTENTS : 750 ML, N°LOT : 8-23, ALC. 12% BY VOL. The back calls it WHITE SPARKLING WINE; the front says CHAMPAGNE. The alcohol and contents figures are readable but at the limit of the image resolution. · filed brand 'LAFALISE FROISSART', class 'SPARKLING WINE/CHAMPAGNE', origin 'FRANCE'"
26258001000346,beer,Blackcurrant Sour Planet,Fruited Sour Ale,Alc. 4.9% by Vol.,5.16 U.S. Gallons,"Aeronaut Brewing Co. Lynn, MA",,brand_name=review,"Keg collar (1725x1725) with a ring of months and day numbers. 'AERONAUT' is the huge headline (the O is a bottle-cap graphic) with 'Aeronaut Brewing Co. Lynn, MA' beneath; the filed brand 'Blackcurrant Sour Planet' is printed only in a small light-weight line near the bottom: a checked box followed by 'Blackcurrant Sour Planet: Fruited Sour Ale' and '(Alc. 4.9% by Vol.)' on the next line, underlined. Three other products with unchecked boxes are printed above it (Hop Hop & Away: Session India Pale Ale 4.6%; A Year With Dr. Nandu: American India Pale Ale 6.3%; Robot Crush: American Pilsner 5.1%), so OCR will see several alcohol figures. 'Net Contents:' offers unticked checkboxes '5.16 U.S. Gallons', '15.5 U.S. Gallons' and a blank. Black band holds the warning and tapping notice. · filed brand 'BLACKCURRANT SOUR PLANET', class 'MALT BEVERAGES SPECIALITIES - FLAVORED', origin 'MASSACHUSETTS'"
26258001000367,import,OLD SPECKLED HEN,English Pale Ale,4.8% ALC./VOL.,500 ml,"Total Beverage Solution, Charleston, SC.",England,,"Single flat can wrap (1222x939) with printer's guides; two identical red panels. Grey top band: 'IMPORTED FROM ENGLAND' with a Union Jack roundel (twice). Each panel has a white octagon with the brand in large black condensed caps enclosed in large quotation marks: '""OLD SPECKLED HEN""', then 'DISTINCTIVE' in red caps and 'English Pale Ale' in red script; three circular 'MORLAND ESTD. 1711' medallions; 'Smooth & REFRESHING / BURSTING WITH FLAVOUR'; 'Ale' in white; '16.9 FL.OZ. 500 ml Nitro can' (second volume figure 16.9 FL.OZ.) and '4.8% ALC./VOL.' in white. The left margin has a 'HOW TO POUR' step list. The narrow centre column has a barcode, the government warning in small condensed white caps, deposit states 'CA CRV, IA, ME, MA, VT, NY, HI 5¢, MI, OR, CT 10¢', then very small text 'Damm 1876 Ltd. 5A Bear Lane. SE1 0UH. London. United Kingdom. Imported into the USA by: Total Beverage Solution, Charleston, SC.' (importer used for the bottler field), a Puerto Rico recycling notice, 'KR07700' and 'BEST BEFORE END'. The class is printed as 'English Pale Ale' (script) and as 'Ale' (plain). · filed brand 'OLD SPECKLED HEN', class 'ALE', origin 'ENGLAND'"
26258001000542,wine,Scotty-Boy!,WHITE TABLE WINE,alc. by vol. 12%,750ml,"ccgp buellton, california",,brand_name=review,"Image 2 (900x1200) is the front: a colour photograph of a man in a wig and mask standing by a staircase; 'KLONG!' in huge yellow condensed caps with pink outline and 'KING' in pink caps lower-left (fanciful name 'KING KLONG'); 'Scotty-Boy!' only as a small blue handwritten signature in the top-right corner; bottom in bright green bold caps 'c. 2023 / SANTA BARBARA COUNTY / WHITE TABLE WINE'. Image 1 (900x1200) is the back: yellow lowercase italic sans on alternating bright green, red, black, magenta and blue stripes: 'scotty-boy! fine wines & super-coolers', 'king klong c. 2023', 'santa barbara county', '60% riesling/40% pinot grigio', 'full carbonic/skin fermented/love', 'produced & bottled by ccgp', 'buellton, california', 'alc. by vol. 12%/net contents 750ml', 'ingredients: grapes', '(nothing added/nothing taken away)', 'aka, are you there, god?', 'it's me, quasimodo – part 2', then the government warning in yellow condensed caps. Everything is text over strong colour; the brand on the front is small handwriting, and the bottler is only the abbreviation 'ccgp'. · filed brand 'SCOTTY-BOY!', class 'TABLE WHITE WINE', origin 'CALIFORNIA'"
26258001000570,wine,VENGEANCE,CABERNET SAUVIGNON,ALC 14.5% BY VOL,1.5 LITERS,"VENGEANCE, NAPA, CA",,,"Bag-in-box with six panel images. Images 1 and 3 are front faces: NAPA VALLEY (red) and CABERNET SAUVIGNON (white) letter-spaced over a black-and-white illustration of a woman raising a sword, VENGEANCE in red small-caps serif with a large V, tagline RAISE A GLASS TO RESILIENCE, DEFIANCE, AND STRENGTH. Image 2 narrow side: VENGEANCE, NAPA VALLEY, tagline, ONE 1.5L BOX EQUALS 2 X 750ML BOTTLES. Image 4 narrow side carries the regulatory text in black on white: V, NAPA VALLEY, CABERNET SAUVIGNON (red), description, VINTED AND PACKED BY VENGEANCE, NAPA, CA, warning, 1.5 LITERS, ALC 14.5% BY VOL, CONTAINS SULFITES, CA CRV. Image 5 top panel: VENGEANCE in magenta, NAPA VALLEY, V, tagline. Image 6: barcode and four tap-opening instruction pictograms only. Filed class is DESSERT/PORT/SHERRY; the label says CABERNET SAUVIGNON at 14.5%. · filed brand 'VENGEANCE', class 'DESSERT /PORT/SHERRY/(COOKING) WINE', origin 'CALIFORNIA'"
26258001000583,wine,RESPITE,WASHINGTON RED WINE BLEND,ALC. 14.5%,750ML,"ALVEARE WINERY - CARNATION, WA",,class_type=review,"Image 1 is the only text label (small, 442x932): black letterspaced sans on white; 'RESPITE' large with 'WINE BAR + BOTTLE SHOP' under it; 'VIN ROUGE / 2024 / WASHINGTON RED WINE BLEND / cedar, blackberry + dark chocolate aromas'; paragraph; 'ART BY CHERYL MEAD'; 'PRODUCED + BOTTLED BY ALVEARE WINERY - CARNATION, WA'; warning; bottom line 'ALC. 14.5% | 750ML | CONTAINS SULFITES' in small print. Image 2 is a watercolour of three birds with a signature 'C Mead' and no label text. Filed class is dessert wine; label designates a red wine blend. · filed brand 'RESPITE', class 'DESSERT /PORT/SHERRY/(COOKING) WINE', origin 'WASHINGTON'"
26258001000784,import,PETRONE,Liqueur,Alc. 35% by vol,750 ml,"8 VINI,INC. RICHMOND, CA",Italy,class_type=review,"Image 1 (926x1702) is the back label, green frame with lemon ornaments: 'LIMONCELLO' arched in green spaced caps over 'DELLA CAMPANIA' arched in black, 'PRODUCT OF ITALY', a paragraph about the Petrone family, a barcode beside '750 ml', 'Alc. 35% by vol' and 'Liqueur' (large, condensed), ingredients, 'Produced and Bottled by ANTICA DISTILLERIA PETRONE s.r.l. Mondragone - Italy', website, the government warning in condensed caps, and 'Imported by: 8 VINI,INC. RICHMOND, CA' (printed with no space after the comma; importer used for the bottler field). Image 2 (948x1720) is the front: 'LIMONCELLO' in a large arched green display face over a vintage illustration of a couple at a table inside a lemon slice; below it 'AN ORIGINAL ITALIAN LEMON LIQUEUR' in small caps, 'PETRONE®' in large green serif caps, 'ANTICA DISTILLERIA', 'DAL 1858', then '750ml℮' (with the estimated-sign e) bottom-left and 'Alc. 35%vol' bottom-right in a serif face. The word 'LIMONCELLO' is larger than the brand 'PETRONE' on the front. The class is printed as the standalone word 'Liqueur' only on the back; on the front it appears inside 'AN ORIGINAL ITALIAN LEMON LIQUEUR' and as 'LIMONCELLO'. · filed brand 'PETRONE', class 'OTHER FRUIT & PEELS LIQUEURS', origin 'ITALY'"
26258001000801,import,SHONAN,JAPANESE SAKE,ALC. 15% BY VOL.,720 ML,"YAMATO IMPORTS SAUSALITO, CA",Japan,,"Image 1 (1687x2048) is the front on pale pink: two large red kanji (湘南) vertically at left, 'SHONAN' in bold teal spaced caps top-right with 'TIDAL WAVE' (fanciful name) beneath, a circular wave-and-sun illustration, and at bottom-right 'JUNMAI GINJO' bold and 'JAPANESE SAKE'. Image 2 (2048x2048) is the back, black on white: 'SHONAN' / 'TIDAL WAVE' / 'JAPANESE SAKE', then 'GRADE: Junmai Ginjo', 'PREFECTURE: Kanagawa, Japan', 'RICE: Gohyakumangoku', tasting notes, a rule, '720 ML | ALC. 15% BY VOL. | PRODUCT OF JAPAN', the government warning, 'CA CRV IA 5¢ / ME 15¢', vertical barcode, 'IMPORTED BY YAMATO IMPORTS SAUSALITO, CA'. Filed fanciful name 'TIDAL WAVE JUNMAI GINJO'. No producer/brewery named. · filed brand 'SHONAN', class 'SAKE - IMPORTED', origin 'JAPAN'"
26258001000813,spirits,Duckaneer,CRAFT GIN,ALC. 43% BY VOL. 86 PROOF,750 ML,"GASPARILLA DISTILLERY TAMPA, FL",,,"Image 1 is the front, a shield-shaped label with a grey border: 'Duckaneer' in an ornate Victorian display script with a huge decorated initial, white on a red banner across the top; 'CRAFT GIN' in white letter-spaced capitals on a curved red ribbon beside a skull-and-cutlass; a large orange/red engraved illustration of a pirate duck on a beach with a treasure chest and ship fills the label; at the bottom in small grey condensed capitals, three lines: 'ALC. 43% BY VOL.', '86 PROOF', '750 ML'. Image 2 is the back, same shield shape: 'DUCKANEER' and 'CRAFT GIN' curved around a monogram at the top, a red condensed paragraph ('is the finest of gins for the fanciest of pirates...'), the government warning, '100% CANE NEUTRAL SPIRITS' in blue, 'PRODUCED & BOTTLED BY / GASPARILLA DISTILLERY  TAMPA, FL' in condensed capitals, a UPC barcode. Class word 'GIN' is printed only in the phrase 'CRAFT GIN' (front ribbon, curved; back arc). Alcohol and proof are on two separate lines, no parentheses. · filed brand 'DUCKANEER', class 'GIN', origin 'FLORIDA'"
26258001000855,wine,unlocked vines,RED WINE BLEND,ALC. 13% BY VOL.,750 ML,UNLOCKED VINES LLC MILLS WY 82604,,,"Image 1 front: the brand is a lowercase white logotype on a black band with the o of unlocked drawn as a keyhole; SÉANCE (fanciful) is rendered as wisps of white smoke over a black background with a magenta peony photo, not set type; RED WINE BLEND in small white letter-spaced caps at the bottom. Image 2 back: same logo, THE PURSUIT OF COLD VINE BLENDED WINE, description in white on black; lower half black on white: AMERICAN WINE / VOL. 750 ML / ALC. 13% BY VOL. / CONTAINS SULFITES / CONTAINS NATURAL SEDIMENT; VINTED & BOTTLED BY: UNLOCKED VINES LLC MILLS WY 82604 UNLOCKEDVINES.COM; warning; barcode. Back designates it AMERICAN WINE; net contents printed as VOL. 750 ML. · filed brand 'UNLOCKED VINES', class 'TABLE RED WINE', origin 'WYOMING'"
26259001000009,wine,Shellé Marie Armour,OTHER THAN STANDARD GRAPE WINE WITH NATURAL FLAVORS,Alc. 16% BY VOL,750 ML,"Vanilla Shoppe, Atlanta, GA",,,"Image 1 front (1122x1402): cream parchment with a gold rule border; brand in dark-red calligraphic script; fanciful 'Yo Vibe Whitehazelberry' in bold serif; illustration of white berries and hazelnuts; 'Alc. 16%' with 'BY VOL' small beneath, '750 ML', 'Est. 2020' in a row; class designation in small letterspaced serif caps on two lines ('OTHER THAN / STANDARD GRAPE WINE WITH NATURAL FLAVORS') near the bottom. Image 2 back (525x637): metallic gold border, italic serif dedication, signature, warning (printed 'GOVERMENT WARNING'), 'CONTAINS SULFITES', 'Bottled by Vanilla Shoppe / Atlanta, GA / IG@vanillashoppeonline', 'Best served chilled'. · filed brand 'SHELLÉ MARIE ARMOUR', class 'DESSERT FLAVORED WINE', origin 'GEORGIA'"
26259001000154,import,GRAEME & JULIE BOTT,RED WINE,13% ALC./VOL,750 ML,"EUROPEAN CELLARS LLC, CHARLOTTE, NC",France,brand_name=review;class_type=review,"Image 1 (1111x697) is the back/strip label, black on white: 'LIEU-DIT' small spaced caps over 'Lancement' in gold brush script (fanciful name), 'CÔTE-RÔTIE 2023' in spaced serif caps (year in gold), 'APPELLATION CÔTE-RÔTIE CONTRÔLÉE', then condensed caps 'PRODUCED AND BOTTLED BY GRAEME & JULIE BOTT, 69420 AMPUIS - FRANCE', 'WWW.DOMAINE-GJBOTT.FR', 'IMPORTED BY : EUROPEAN CELLARS LLC, CHARLOTTE, NC 704.358.1565', '750 ML | 13% ALC./VOL |', 'RED WINE / LOT LA23', 'CONTAINS SULFITES / PRODUCT OF FRANCE', a wine-press drawing with the 'INDIGO WINE ERIC SOLOMON SELECTIONS EUROPEANCELLARS.COM' importer logo, a round 'G&J BOTT VIGNERONS VALLÉE DU RHONE' stamp, the government warning and a 'CA CRV' box. Image 2 (1183x824) is the front: a huge black calligraphic signature 'Bott' filling the left two-thirds (barely OCR-able), 'GRAEME & JULIE' printed vertically (rotated 90 degrees) beside it, and on the right '20 / 23', 'CÔTE-RÔTIE' in spaced serif caps over two lines, 'LIEU-DIT' and 'Lancement' in script. The filed brand appears in full only inside the producer line on the back; on the front it is split into the sideways 'GRAEME & JULIE' and the signature 'Bott'. The class 'RED WINE' is printed only on the back, inside 'RED WINE / LOT LA23'. · filed brand 'GRAEME & JULIE BOTT', class 'TABLE RED WINE', origin 'FRANCE'"
26259001000159,import,KELLEREI BOZEN,RED WINE,13.5% ALC. BY VOL.,750 ML,"MATCHVINO, SHARON, CT",Italy,brand_name=review,"Image 1 (827x945) is the back label, black serif on white: '2014', 'ALTO ADIGE', 'DENOMINAZIONE DI ORIGINE CONTROLLATA', 'LAGREIN RISERVA', 'TABER', 'PRODUCED AND BOTTLED BY: CANTINA PRODUTTORI BOLZANO BOLZANO - ITALIA', 'IMPORTED BY: MATCHVINO, SHARON, CT', 'RED WINE', 'PRODUCT OF ITALY', barcode, '750 ML e' (large) and '13.5% ALC. BY VOL.', government warning, 'CONTAINS SULFITES'. Image 2 (1063x1253) is the front: a dark aubergine embossed-dot background; a black tab at top with 'KELLEREI BOZEN' in white, a magenta foil square with a column capital, 'CANTINA · WINERY', then 'TABER' (fanciful name) in large pale serif caps, 'Südtirol · Alto Adige DOC' and 'LAGREIN' in low-contrast tone-on-tone type, 'RISERVA' at the bottom. Filed brand is 'CANTINA BOLZANO'; the front prints the German form 'KELLEREI BOZEN' and the back 'CANTINA PRODUTTORI BOLZANO'. Class printed 'RED WINE' on the back; varietal 'LAGREIN RISERVA' on both. Bottler field holds the importer. · filed brand 'CANTINA BOLZANO', class 'TABLE RED WINE', origin 'ITALY'"
26259001000193,import,Kaiserdom,LAGER BIER,4.7% Alc. by Vol.,1 Liter,"Kaiserdom Specialitäten Brauerei GmbH Bamberg, Breitäckerstr. 9, 96049 Bamberg, Germany",Germany,,"Single image (996 x 645) of a flat can wrap, black with a dark diagonal Bavarian lozenge pattern; most text is gold or white on black, and the fine print is very small. A top strip repeats 'IMPORTED FROM GERMANY'. Left (front) panel: an arched 'IMPORTED FROM BAVARIA - GERMANY' with a crest and 'ANNO 1718', the brand 'Kaiserdom' with a registered mark in blue serif on a white ribbon, 'BAMBERG' on a blue banner, 'Dark' in red italic, 'LAGER BIER' in gold capitals, 'One Liter' in white script, a beer-glass drawing containing '33.8 fl.oz.', and tiny gold text '4.7% Alc. / by Vol. / 1 Liter' at the lower left, plus 'Bamberger Bierkultur Seit 1718' in gold script. Centre: 'Kaiserdom' printed very large rotated 90 degrees (reads bottom to top). Right (back) panel: logo, 'Dark', 'One Liter', a description paragraph, 'Imported by: DropRippleWave Corp., a New York corporation, with offices located at 2285 Bellmore Ave, Bellmore, NY 11710. Brewed by Kaiserdom Specialitäten Brauerei GmbH Bamberg, Breitäckerstr. 9, 96049 Bamberg, Germany. Product of Germany', 'Beer. Ingredients: water, barley malt, hops. Alc. by Vol. 4.7%', 'Best before: see can base. 1 Quart, 1.82 fl.oz.', the government warning, a 'BAVARIAN BEER' PGI seal, a 'GERMAN FAMILY BREWERS' badge, 'CA-CRV' and deposit lines, a white UPC placeholder marked 'art. 3816 UPC'. Volume is printed four ways: 'One Liter' (words, large), '33.8 fl.oz.', '1 Liter' (tiny), '1 Quart, 1.82 fl.oz.'. Class words: 'LAGER BIER' under 'Dark' on the front; 'Beer.' and 'Dark Lager' on the back. · filed brand 'KAISERDOM', class 'BEER', origin 'GERMANY'"
26259001000194,beer,Backyard India Pale Lager,India Pale Lager,5% Alc./Vol.,5.16 U.S. Gallons,"BACKYARD BREWING COMPANY 1675 Dickinson Ave. STE C, Dickinson, TX 77539",,class_type=review,"Single low-resolution (636x631) circular keg collar with a hole in the centre and a calendar ring of months and day numbers around the rim. The brewery name is stacked BREWING / BACKYARD / COMPANY under BREWED & PACKAGED:, with BACKYARD in a large distressed, shadowed display face, so the reading order on the label is not the natural name order; address line 1675 Dickinson Ave. STE C, Dickinson, TX 77539 beneath. The brand and class appear together in one bold sans line: Backyard India Pale Lager (5% Alc./Vol.), with the alcohol inside the parentheses. Net Contents: 5.16 U.S. Gallons in small bold at the bottom. A dark band carries the warning and an ATTENTION - READ BEFORE TAPPING notice. Filed class is BEER. · filed brand 'BACKYARD INDIA PALE LAGER', class 'BEER', origin 'TEXAS'"
26259001000269,import,CASA PICCININI,Brut Sparkling Wine,12% ALC. BY VOL,750 ml,"Above Wines LLC,1915 Peters Rd, STE 206, Irving,TX, 75061",Italy,brand_name=review,"Image 2 front (1348x696): black ground with ornate gold baroque frame; brand 'CASA PICCININI' printed on a curved cream ribbon under a bull crest ('CIRCA 1400'); the largest text is 'CUVEE NAPOLETANO' in gold serif caps with 'Brut Sparkling Wine' in small gold caps beneath; 'Selezione La Stella' script badge at lower right. Image 1 back (1048x600): gold and white text on black; 'CUVEE / NAPOLETANO / Casa Piccinini / SELEZIONE LA STELLA' at top left; 'CAMPI FLEGREI / DENOMINAZIONE DI ORIGINE PROTETTA / SPARKLING WINE FALANGHINA / BRUT'; quotation; bottom-left '750 ml ℮ 12% ALC. BY VOL' in condensed gold caps; right column: warning, 'Produced and bottled in Italy by: Soc Coop. Agr. Vit. Campani Pozzuoli - in the Marano di Napoli winery - Italy', 'PRODUCT OF ITALY', 'Imported by: Above Wines LLC,1915 Peters Rd, STE 206, Irving,TX, 75061' (spacing as printed), Above Wines logo. Importer used as bottler line. · filed brand 'CASA PICCININI', class 'SPARKLING WINE/CHAMPAGNE', origin 'ITALY'"
26259001000359,import,Gianni's Genepy,Italian Liqueur,35% Alc./Vol.,750 mL,"NASTRI IMPORTS LLC, NEWPORT, RHODE ISLAND",Italy,,"Both images 825x1219 on a cream ground with a thin gold frame and crop marks. Image 1 (front): curved 'HANDCRAFTED IN THE ALPS' over a gold sprig drawing with 'Est.' and '2026', the brand 'Gianni's' / 'Genepy' in large dark-green serif type on two lines, a sketched couple dancing on a table, mountains, 'Italian Liqueur' in condensed green serif, 'ELEGANT · SMOOTH · AROMATIC', a round 'TRADITION · NATURE · ELEVATION' seal, and at the bottom '750 mL' (left) and '35% Alc./Vol.' (right) in bold serif. Image 2 (back): 'WHY GENEPY' and 'HOW TO DRINK GENEPY' paragraphs in serif, 'PRODUCED AND BOTTLED BY ERBORISTICA DISTILLERIA ALPINA / SUSA (TO) – ITALIA', 'IMPORTED BY NASTRI IMPORTS LLC / NEWPORT, RHODE ISLAND' (importer used for the bottler field), 'IA-5¢, ME/VT-15¢ REFUND  CA CRV', a barcode, the government warning in small serif, and the footer 'PRODUCT OF ITALY - 750 ML - 35% ALC./VOL.'. · filed brand ""GIANNI'S GENEPY"", class 'CORDIALS (HERBS & SEEDS)', origin 'ITALY'"
26259001000384,beer,Jackie O's,HAZY PALE ALE,7% ALC./VOL.,12 FL. OZ.,"JACKIE O'S BREWERY ATHENS, OHIO",,class_type=review,"Single image (2457x1089), a wraparound can label on light grey. Right panel: 'THE OHIO FUND' (fanciful name) in very large dark-navy condensed caps, with the final 'D' of 'FUND' rotated and displaced as if being flicked by an illustrated hand; the 'Jackie O's' script logo (with a barrel as the O) top-right with '+ juno'; along the left of that panel, rotated 90 degrees (reads bottom-to-top) in green: 'HAZY PALE ALE MADE WITH REAL YUZU'; bottom: '7% ALC./VOL. 12 FL. OZ.' in grey condensed caps. Left panel: an illustrated tap handle, 'MADE IN COLLABORATION WITH JUNO AND THE OHIO FUND', 'CANNED BY JACKIE O'S BREWERY ATHENS, OHIO', the 'Jackie O's' logo again, and the government warning printed diagonally in tiny type. Brand is a script logo; the designating words 'HAZY PALE ALE' sit inside the longer rotated phrase. Filed class MALT BEVERAGES SPECIALITIES - FLAVORED. · filed brand ""JACKIE O'S"", class 'MALT BEVERAGES SPECIALITIES - FLAVORED', origin 'OHIO'"
26259001000470,spirits,Westside Water,APPLE PIE FLAVORED WHISKEY,30% ALC/VOL 60 PROOF,50 ML,"UBLENDIT, INC. SCOTTS VALLEY, CA",,,"Single image (1000 x 571) of a miniature-bottle wrap on a green background patterned with faint pie and apple icons; all text is white or silver on green. Left (front) panel in an engraved Victorian style: a crown, then in small distressed capitals '30% ALC/VOL' and '60 PROOF' either side of an ornament on one line, 'SANTA CRUZ COUNTY, CA.' on an arched banner, 'HAND CRAFTED', the brand 'Westside Water' in a large white Victorian display face, 'SMALL' and 'BATCH' on ribbons flanking a diamond with '50 ML', a lattice pie drawing with apples, the fanciful name 'APPLE PIE' on a banner, 'APPLE PIE FLAVORED WHISKEY' in white serif capitals, and 'THE PLEASANT TASTE OF HOME' small. A vertical line reading bottom to top: 'BOTTLED BY UBLENDIT, INC. SCOTTS VALLEY, CA'. Right (back) panel: the government warning, 'CA CASH REFUND', 'THE TASTE OF COMFORT IN EVERY POUR.', a UPC barcode. The alcohol statement is small and in a distressed face. · filed brand 'WESTSIDE WATER', class 'OTHER WHISKY (FLAVORED)', origin 'CALIFORNIA'"
26259001000591,spirits,BARREL GLOBAL,KENTUCKY STRAIGHT BOURBON WHISKEY,ALC. BY VOL. 60% / PROOF 120,750ML,"BLUEGRASS BOTTLING, LANCASTER, KY",,alcohol_content=review,"Image 1 front: white on black. Brand logotype prints as BARRELGLOBAL with no space (BARREL bold, GLOBAL light and letter-spaced) under a striped globe mark. KENTUCKY STRAIGHT in italic, BOURBON WHISKEY in bold. DISTILLED IN: KENTUCKY / BOTTLED BY: BLUEGRASS BOTTLING, LANCASTER, KY. A boxed table reads CONT. NET. 750ML | PROOF | ALC. BY VOL. | AGED YEARS, with the values 120, 60% and 4 handwritten in black marker inside white boxes beneath the headings. Warning in condensed caps. Image 2 is a 2250x406 strip repeating KENTUCKY STRAIGHT BOURBON WHISKEY and the globe twice; no other fields. · filed brand 'BARREL GLOBAL', class 'STRAIGHT BOURBON WHISKY', origin 'KENTUCKY'"
26259001000599,spirits,DEFIANT,BOURBON WHISKY,45% ALC./VOL.,750ML,"BLUE RIDGE DISTILLING CO., INC., BOSTIC, NC",,brand_name=review,"Image 1 is a wide wrap (3851x1255) with three panels; the front panel sits over a faded American flag photo. 'DEFIANT' in widely tracked outlined gold/olive display caps, 'PATRIOT' in navy caps with a red offset outline beneath it, then 'BOURBON' (olive) and 'WHISKY' (smaller, black) stacked; a script line 'Distilled from Malted Corn, Rye and Barley & Pure Mountain Spring Water'; 'BY BLUE RIDGE DISTILLING CO. FROM THE GOLDEN VALLEY'; bottom line '90 PROOF   750ML   45% ALC./VOL.' in small condensed caps (proof printed at the left of the same line). Left panel: 'DISTILLED & BOTTLED BY BLUE RIDGE DISTILLING CO., INC., BOSTIC, NC' in small-caps serif, warning, barcode. Right panel: 'The Whisky' copy and another 'DEFIANT'. Image 2 is a neck band reading only 'QUALITY SEAL'. Filed brand 'DEFIANT BOURBON' is printed as 'DEFIANT' with 'PATRIOT' between it and 'BOURBON'. · filed brand 'DEFIANT BOURBON', class 'BOURBON WHISKY', origin 'NORTH CAROLINA'"
26259001000604,beer,SPRIG,GERMAN STYLE PILSNER,4.7% ALC/VOL,1 PINT,"CULTIVATION BREWING CO IN NORCROSS, GA.",,,"Single can wrap (1596x997): a painted illustration of a hand holding a glass cloche over a seedling on an olive-green glow. 'SPRIG' in large pale-gold spaced serif caps near the bottom of the artwork with 'GERMAN STYLE PILSNER' in small caps beneath it (text over the illustration). Top-left is a round 'CULTIVATION BREWING CO EST 2021' logo with a spade/hop drawing. The government warning runs vertically (rotated 90 degrees, reading bottom to top) along the left edge in dark-green caps. All other mandatory text runs vertically along the right edge in the same way: 'GERMAN STYLE PILSNER - 1 PINT - 4.7% ALC/VOL', 'GERMAN PILSNER MALT - MAGNUM, TETTNANG, & HALLERTAU MITTELFRÜH' and 'MADE AND PACKAGED BY CULTIVATION BREWING CO IN NORCROSS, GA.' followed by web/social icons. Alcohol content and net contents are printed only in that rotated text. The bottler statement is phrased 'BY CULTIVATION BREWING CO IN NORCROSS, GA.' and no street address is given. · filed brand 'SPRIG', class 'BEER', origin 'GEORGIA'"
26259001000623,spirits,POG,VODKA WITH NATURAL FLAVOR,35% ALC / VOL (70 PROOF),750 ML,"Distilled Spirits USA, Inc., Boise, ID",,,"Image 1 (965x687) is the full label on an orange sunburst with gold rules dividing three panels and a faint 'Sample' watermark. Centre panel: 'POG' in a huge purple jagged hand-drawn display face with white outline, 'ISLAND PUNCH' (fanciful name), 'VODKA' in white bold caps, 'WITH NATURAL FLAVOR', '750 ML', '35% ALC / VOL (70 PROOF)'. Left panel: QR code, social icons, barcode, a marketing paragraph, 'Must be 21+. Drink responsibly'. Right panel: the government warning in a boxed panel, then in small white type 'Pog Spirit Co, Honolulu, Hawaii' and 'Produced and Bottled by Distilled Spirits USA, Inc., Boise, ID'. Image 2 (4200x911) is a purple neck strip with white flowers and the 'POG' logo in a circle; no mandatory text. The filed brand is 'POG VODKA'; printed brand is 'POG' with 'VODKA' as the class word. Bottler line is very small. · filed brand 'POG VODKA', class 'VODKA SPECIALTIES', origin 'IDAHO'"
26260001000165,beer,Sippers,MALT BEVERAGE WITH NATURAL FLAVORS AND CERTIFIED COLOR,9.9% ALCOHOL BY VOLUME,16 FL OZ (1 PINT),"LEHRKINDS INCORPORATED, BOZEMAN, MT FOR POLYNESIAN PRODUCTS CO., NEW ALBANY, IN.",,,"Single image, a flat can wrap on a yellow doodle-pattern background with a dark red band ('100% RECYCLABLE' twice) and diagonal red bars. Left (front) panel: 'Sippers' very large in a tilted black display script with a white outline, 'READY-TO-SIP COCKTAIL' small beneath, the fanciful name 'FRUIT PUNCH' in white on a light-blue tilted pill, 'TASTY FLAVORS BY 99 BRAND' with a big red '99' logo, '9.9% ALCOHOL BY VOLUME', 'MALT BEVERAGE WITH NATURAL FLAVORS AND CERTIFIED COLOR', the bottler line 'BOTTLED BY LEHRKINDS INCORPORATED, BOZEMAN, MT FOR POLYNESIAN PRODUCTS CO., NEW ALBANY, IN.' in very small condensed capitals, and '16 FL OZ (1 PINT)' letter-spaced on the red bottom band. Right (back) panel: 'Amp it up!' handwriting, the Sippers logo again, 'Easy-to-drink and refreshing!' handwriting, 'CA CRV CTRV HI/IA/ME/MA/NY/VT 5c MI/OR 10c', 'CONTAINS CERTIFIED COLOR', the government warning, '99 BRAND 9.9%ALC/VOL (19.8 PROOF)', '99BRANDPARTY.COM', 'PLEASE DRINK RESPONSIBLY', 'TOLL FREE 1-866-729-3722', 'INFO@SAZERAC.COM', 'CONTAINS ALCOHOL', a rotated UPC barcode with a magenta 'EPO' proof mark and a 'Ball' can-maker mark. Net contents printed as '16 FL OZ (1 PINT)' only (no metric). The '99 BRAND' logo is a second brand mark on the label. · filed brand 'SIPPERS', class 'MALT BEVERAGES SPECIALITIES - FLAVORED', origin 'MONTANA'"
26260001000184,import,MARENGO,BAROLO,ALC. 15% BY VOL.,750 ML,"VOLIO IMPORTS SEATTLE, WA",Italy,,"Image 2 front: MARENGO® in dark red serif caps on orange, farmhouse engraving, 2022, BAROLO, DENOMINAZIONE DI ORIGINE CONTROLLATA E GARANTITA, BRUNATE (fanciful), Imbottigliato all'origine da/Estate bottled by M. Marengo - La Morra - Italia. Image 1 back, black on white: same header block, IMPORTED BY VOLIO IMPORTS / SEATTLE, WA - VOLIOIMPORTS.COM, barcode, CA CRV, then a condensed line 75 cl e NET CONT. 750 ML   ALC. 15% BY VOL. 15% vol (contents given in both cl and ml, alcohol stated twice), CONTAINS SULFITES - PRODOTTO IN ITALIA - PRODUCT OF ITALY - RED WINE - L 220724, warning. Filed class is DESSERT/PORT/SHERRY; the label says BAROLO / RED WINE at 15%. · filed brand 'MARENGO', class 'DESSERT /PORT/SHERRY/(COOKING) WINE', origin 'ITALY'"
26260001000209,import,TU MADRE,tequila,40% Alc. by Vol. (80 Proof),750 ml,"RILO IMPORT & EXPORT INC. 3065 Beyer Blvd S. B-103, San Diego CA 92154.",Mexico,class_type=review,"Image 1 front (994x2100): photographed/scanned label with a trapezoid skew. White upper half with a gold skull-in-sunglasses illustration; brand 'TU MADRE' in red serif caps, 'MI SUEGRITA' letterspaced beneath, then 'tequila' in handwritten script. Lower navy panel: 'SINGLE ESTATE / Artesanal Ultra Premium' roundel, '100% AGAVE AZUL', 'PLATA' in condensed caps, 'Exitosa' in light-blue script, 'Net. Cont. 750 ml', '40% Alc. by Vol. (80 Proof)', 'PRODUCT OF MEXICO' in white/italic sans. Image 2 back (1124x1156): navy panel, white and light-blue text; warning; 'IMPORTED BY: RILO IMPORT & EXPORT INC. 3065 Beyer Blvd S. B-103, San Diego CA 92154.'; 'PRODUCED AND BOTTLED BY: TEQUILA QUIOTE, S.A. DE C.V. ATOTONILCO EL ALTO, JALISCO, MEXICO.'; NOM 1433 CRT; 'PLATA'; barcode; QR. The class word appears only as the script 'tequila' (plus 'PLATA'); filed brand is 'TU MADRE TEQUILA'. Importer used as bottler line. · filed brand 'TU MADRE TEQUILA', class 'TEQUILA FB', origin 'MEXICO'"
26260001000261,wine,ARVIN'S ACRES WINERY & MEADERY,HONEY WINE WITH NATURAL FLAVORS,12% ALC. BY VOL.,375 ML,"ARVIN'S ACRES WINERY & MEADERY, 7272 N 800 W, DELPHI, IN",,class_type=review,"Both images 600x1200, a very busy purple/gold fantasy illustration (witch, raven, moon, candle, fruit, honeycomb, flowers) with all text printed over the artwork. Image 1 (front): 'MADAME RUE'S' arched in white caps at the top, 'LOVE POTION' in a huge ornate pink-to-gold chromatic display face, 'NUMBER' in a banner and a large decorated '9' (fanciful name), book spines reading 'HONEY / APRICOT / KIWI', 'HONEY WINE WITH NATURAL FLAVORS' in white caps, the brand 'ARVIN'S ACRES WINERY & MEADERY' in gold caps near the bottom (smaller than the fanciful name), then '375 ML' bottom-left and '12% ALC. BY VOL.' bottom-right in small white caps. Image 2 (back): 'MADAME RUE'S LOVE POTION NUMBER 9' repeated in purple on a parchment panel, a tasting note in serif, 'SOME POTIONS JUST TASTE BETTER.', 'PRODUCED AND BOTTLED BY: ARVIN'S ACRES WINERY & MEADERY 7272 N 800 W DELPHI, IN arvinsacres.com 574-965-2580', 'CONTAINS SULFITES', the government warning, and '375 ML' / '12% ALC. BY VOL.' in a side box. The filed class HONEY BASED TABLE WINE appears as 'HONEY WINE' only inside the phrase 'HONEY WINE WITH NATURAL FLAVORS'. · filed brand ""ARVIN'S ACRES WINERY & MEADERY"", class 'HONEY BASED TABLE WINE', origin 'INDIANA'"
26260001000311,import,MURRAY McDAVID,SINGLE MALT SCOTCH WHISKY,50.3% alc/vol,700ml,"KEEPER'S QUEST INC, CHATTANOOGA, TN 37421",Scotland,,"Image 1 (768x768) is the main front label on cream, gold and black type: 'SINGLE MALT SCOTCH WHISKY' large, 'AGED 32 YEARS', 'DISTILLED AT THE LAPHROAIG DISTILLERY', 'BOURBON BARREL', a circular 'CLACHAN A CHOIN EST. 1994' terrier emblem, a table 'REGION Isle of Islay / Nº OF BOTTLES 262 / DISTILLED 1991 / BOTTLED 2024', then '700ml e' and '50.3% alc/vol' in a thin condensed face, 'Not Chill Filtered | Natural Colour | Product of Scotland'. The brand is NOT on image 1. Image 2 (1291x934) is a gold-yellow neck/top label: 'MURRAY McDAVID' in white serif caps (small raised 'c'), 'THE ART OF MATURATION', 'MISSION GOLD' in black. Image 3 (768x1417) is the back: 'MURRAY McDAVID', 'MISSION GOLD', 'LAPHROAIG 1991 | CASK #2410092', tasting-note paragraphs, a signature 'Dean Jode Head of Whisky Creations', 'MURRAY-McDAVID.COM', then on white the government warning, barcode, '(B24337)', 'IMPORTED BY: KEEPER'S QUEST INC, CHATTANOOGA, TN 37421'. Filed brand 'MURRAY MCDAVID LAPHROAIG DISTILLERY 32 YEARS' is a composite; the printed brand is 'MURRAY McDAVID'. · filed brand 'MURRAY MCDAVID LAPHROAIG DISTILLERY 32 YEARS', class 'SINGLE MALT SCOTCH WHISKY', origin 'SCOTLAND'"
26260001000363,import,OCTOMORE,ISLAY SINGLE MALT SCOTCH WHISKY,62.2% alc./vol.,700 ml,"BRUICHLADDICH DISTILLERY, ISLAY, SCOTLAND",Scotland,,"Image 1 is the tall black front label; the main text runs vertically (rotated 90 degrees, reading top to bottom): 'OCTOMORE' very large in magenta, 'Ochdamh-mor' (Gaelic, with a grave accent on the o) in grey italic, and 'ISLAY SINGLE MALT / SCOTCH WHISKY / SINGLE CASK' in grey and gold capitals. A gold box at the left holds small print 'BOTTLE No 001/246, DISTILLED IN 2020, 6 AGED YEARS, 1ST FILL BOURBON CASK, OCTOMORE SINGLE CASK: 132.1 PPM' and '62.2% alc./vol.'. Lower part: a grey signature, 'ADAM HANNETT ON BEHALF OF BRUICHLADDICH DISTILLERY COMPANY', 'SUPER HEAVILY PEATED', 'PROGRESSIVE HEBRIDEAN DISTILLERS', a magenta round stamp 'BRUICHLADDICH DISTILLERY COMPANY SINCE 1881', 'CONCEIVED, DISTILLED, MATURED AND BOTTLED UN-CHILL FILTERED, WITH NO COLOUR ADDED AT BRUICHLADDICH DISTILLERY, ISLE OF ISLAY, SCOTLAND.', '700 ml', 'PRODUCT OF SCOTLAND'. Light text on black throughout. Image 2 is the back label, white type on black: 'OCTOMORE' with a registered mark rotated vertically at the left, 'ISLAY SINGLE MALT SCOTCH WHISKY / SUPER HEAVILY PEATED / SINGLE CASK', '700 ml  62.2% alc./vol.', 'PRODUCT OF SCOTLAND', the government warning, 'CA CRV' rotated, a UPC barcode, 'IMPORTED BY REMY COINTREAU USA INC., NEW YORK, NY.' (with an acute accent on the first E of Remy) and 'DISTILLED, MATURED AND BOTTLED AT BRUICHLADDICH DISTILLERY, ISLAY, SCOTLAND.'. Image 3 is a gold-brown neck strip: 'OCTOMORE Ochdamh-mor SINGLE CASK LIMITED EDITION'. Filed fanciful name 'SINGLE CASK' appears under the class on both labels. · filed brand 'OCTOMORE', class 'SINGLE MALT SCOTCH WHISKY', origin 'SCOTLAND'"
26260001000479,beer,SAINT ERRANT BREWING,New Zealand Style Pilsner,5.2% Alc/Vol,1pint / 16 FL OZ.,"Saint Errant Brewing 2000 Dempster St. Evanston, IL 60202-1017",,class_type=review,"Single can wrap: night-time illustrated street scene in blues with raccoons. SAINT ERRANT BREWING appears twice in a yellow ornamental serif logo with flourishes (top centre and top right). Bright Corners (fanciful) in a bold rounded white serif at the bottom; beneath it the full style line New Zealand Style Pilsner with Riwaka in white sans (the designating words sit inside this longer phrase). Right panel in white sans: Brewed and Canned at: Saint Errant Brewing 2000 Dempster St. Evanston, IL 60202-1017; Artwork by Hugo Trejo; 5.2% Alc/Vol; 1pint / 16 FL OZ. (no space in 1pint, both US figures); Store cold, drink fresh; barcode. Warning rotated 90 degrees on the left edge. · filed brand 'SAINT ERRANT BREWING', class 'BEER', origin 'ILLINOIS'"
26260001000505,import,FAIR,LIQUEUR,22% ALC./VOL.,3L,"PREISS IMPORTS, RAMONA, CA",France,,"Single oval label (1568x1467), all white text on a dark brown ground. 'LIQUEUR' in spaced caps at the top, the brand 'FAIR®' in a very large bold condensed sans with a round script-f logo to its left, 'CAFÉ' (the flavour, with an accent) in spaced caps beneath, then '22% ALC./VOL.' and '3L' (thin outline figures) on one line. Small text: ingredients, 'IMPORTED BY PREISS IMPORTS, RAMONA, CA PREISSIMPORTS.COM', 'MADE IN FRANCE   EWS   EMB17100B   FAIRLIQUEURS.COM', a '1% FOR THE PLANET' roundel, the government warning in condensed caps, a barcode, 'CA CRV' and 'IA-5¢-ME'. The filed class COFFEE LIQUEUR is expressed as the separate words 'LIQUEUR' and 'CAFÉ'. Origin is stated as 'MADE IN FRANCE'. · filed brand 'FAIR', class 'COFFEE (CAFE) LIQUEUR', origin 'FRANCE'"
26260001000533,spirits,SVEDKA,VODKA WITH NATURAL FLAVOR AND ARTIFICIAL SWEETENERS,4.5% ALC/VOL,355ML,"SAZERAC COMPANY, LOUISVILLE, KY.",,,"Single image (1148x860), a flat can artwork on pale blue with printer guide lines (green verticals, a dashed line) and a magenta 'FPO' placeholder stamped over the barcode. Two repeated panels: coral band with 'SVEDKA' in large white geometric caps, then 'GRAPEFRUIT' (fanciful name) and 'VODKA WATER' in coral caps; right panel adds 'NON-CARBONATED', a grapefruit icon, 'made with REAL VODKA + NATURAL SPRING WATER', and in small grey condensed caps '4.5% ALC/VOL • 12 FL OZ (355ML)' and 'VODKA WITH NATURAL FLAVOR AND ARTIFICIAL SWEETENERS'. Left panel: a 'Serving Facts' box, 'Zero Sugar / Made with Natural Spring Water', 'PRODUCED FOR SAZERAC COMPANY, LOUISVILLE, KY.', 'WE LOVE TO HEAR FROM OUR CUSTOMERS! 1-866-729-3722 | WWW.SAZERAC.COM', deposit codes, the government warning rotated 90 degrees, barcode. Net contents printed as '12 FL OZ (355ML)'; the US figure is 12 FL OZ. The filed brand is 'SVEDKA VODKA WATER'; printed 'SVEDKA' (large) with 'VODKA WATER' beneath as the product name. All text on the body is grey or coral on pale blue (lowish contrast). · filed brand 'SVEDKA VODKA WATER', class 'VODKA SPECIALTIES', origin 'WISCONSIN'"
26260001000548,import,BLACK VELVET,BLENDED CANADIAN WHISKY,45% ALC BY VOL | 90 PROOF,700 mL,"BLACK VELVET IMPORT CO. BARDSTOWN, KY.",Canada,brand_name=review,"Image 1 is the front: white label with a gold 'BV' crest and TM at top, a tilted gold parallelogram with black border containing 'LIMITED RELEASE', the fanciful name 'GOLDEN VELVET' with a registered mark in very large black serif capitals, and 'BY BLACK VELVET' small beneath; black and gold diagonal stripes; below the box in gold: 'AGED 25 YEARS' (large 25), 'BLENDED CANADIAN WHISKY' letter-spaced, 'BLACK VELVET' in gold serif, '75TH ANNIVERSARY' on an arc, and one small condensed line '45% ALC BY VOL | 90 PROOF | 700 mL'; a tiny code '240-9742'. Image 2 is the small orange back label (about 430 px): 'LIMITED RELEASE', 'GOLDEN VELVET', a dark band 'AGED 25 YEARS / 75th ANNIVERSARY', 'PRODUCT OF CANADA', 'IMPORTED AND BOTTLED BY BLACK VELVET IMPORT CO. BARDSTOWN, KY.', recycle mark, 'CA CRV' rotated, UPC barcode, '700 mL', 'IA REF 5c', 'ME/VT REF 15c'. Image 3 is the orange neck label: 'BLACK VELVET' with a registered mark in large black serif over a faint crest, a dark band 'GOLDEN VELVET COMMEMORATIVE', and the government warning rotated 90 degrees at the right. Filed brand 'BLACK VELVET' is small on the front (the dominant front name is the fanciful 'GOLDEN VELVET') and large only on the neck label, so brand is flagged for review. Alcohol, proof and volume share one line separated by vertical bars. · filed brand 'BLACK VELVET', class 'CANADIAN WHISKY USB', origin 'CANADA'"
26260001000551,import,DOMAINE Frantz Chagnoleau,WHITE BURGUNDY WINE,ALC. 11-14% BY VOL.,750ML,"OLD WORLD IMPORTS, LLC., VAIL, CO.",France,,"Image 1 is a plain typed US strip label, black sans on white: DOMAINE FRANTZ CHAGNOLEAU / Appellation Saint-Véran Contrôlée / Bottled at the domaine / Pierreclos 71 France / A THOMAS CALDER SELECTION / IMPORTED BY: OLD WORLD IMPORTS, LLC., VAIL, CO. / WHITE BURGUNDY WINE  ALC. 11-14% BY VOL. / PRODUCT OF FRANCE  NET CONTENTS 750ML / warning / CONTAINS SULFITES. Image 2 is the French front on cream: left column in serif (Saint-Véran, Appellation Saint-Véran Contrôlée, Récolté à la main, vinifié et mis en bouteille par Caroline Gon & Frantz Chagnoleau Vignerons à Pierreclos 71 France, 13% vol, 750 ml, CONTIENT SULFITES - L2410 - PRODUIT DE FRANCE); right: Grand Vin de Bourgogne, 2024, Saint-Véran in large calligraphic script, De Prissé à Chasselas in script (fanciful), DOMAINE in green spaced caps over Frantz Chagnoleau in large script. Alcohol is 11-14% on the US strip but 13% vol on the front; contents 750ML on the strip and 750 ml on the front. · filed brand 'DOMAINE FRANTZ CHAGNOLEAU', class 'TABLE WHITE WINE', origin 'FRANCE'"
26260001000619,import,PEARL RIVER BEER,BEER,4.8% Alc./Vol.,640 mL,"TMA LIQUOR INC.,333 S Hacienda Blvd, City of Industry, CA 91745",China,brand_name=review;class_type=review,"Three small, low-resolution images. Image 1 front oval (509x534): 'PEARL RIVER BEER' in small curved black caps at the top; the dominant text is Chinese '珠江啤酒' in white on a red ribbon; '1985' gold script; '12.3°P 原麦汁浓度'; '净含量:640mL'. Image 2 neck label (476x223): '1985' script and 'PEARL RIVER' on a black/red band. Image 3 back/import label (608x727), slightly blurry bold serif: 'PEARL RIVER 1985' headline; 'NET CONTENTS: 1 PINT 5.6 FL. OZ. (640 mL)'; 'IMPORTED BY : TMA LIQUOR INC.,333 S Hacienda Blvd, City of Industry, CA 91745'; 'PRODUCT OF CHINA'; '4.8% Alc./Vol.'; warning; barcode. US net figure '1 PINT 5.6 FL. OZ.' printed with the metric. Alcohol content appears only on image 3. The class word BEER appears only inside the brand phrase 'PEARL RIVER BEER'. · filed brand 'PEARL RIVER BEER', class 'BEER', origin 'CHINA'"
26260001000638,import,Tank GARAGE WINERY,RED WINE,ALC. 14.5% BY VOL.,750 ML,"TANK GARAGE WINERY, NAPA, CA",,brand_name=review;country_of_origin=absent,"Image 1 (924x1674) is the back label: gold text on black. A gold sunburst with a bleeding red heart and lightning bolt, the fanciful name 'LOVE IS A WAR' in large bevelled gold caps, 'RED WINE' in bold gold caps, an italic poem, two logos side by side ('TENUTA LARNIANONE' with a crest, and 'Tank' in gold script over 'GARAGE WINERY' in small spaced caps), '50% ITALY' and '50% AMERICA', '425 CASES LOVED', 'BLENDED & BOTTLED BY TANK GARAGE WINERY, NAPA, CA' in condensed caps, the government warning, and the bottom line 'ALC. 14.5% BY VOL.  CONTAINS SULFITES  750 ML' with 'CA CRV'. Image 2 (1292x1786) is the front: a reproduction of a baroque painting of an archangel fighting fallen angels with no text at all. The brand therefore appears only on the back, as the script logo and inside the bottler line. There is no 'Product of' statement; origin is given only as '50% ITALY / 50% AMERICA' (filed origin: multiple countries). The filed class is DESSERT/PORT/SHERRY wine but the label says 'RED WINE' at 14.5%. · filed brand 'TANK GARAGE WINERY', class 'DESSERT /PORT/SHERRY/(COOKING) WINE', origin 'MULTIPLE COUNTRIES'"
26260001000657,wine,PRESTON FARM & WINERY,WHITE ZINFANDEL,ALC 14.2% BY VOL,750ML,"PRESTON FARM & WINERY HEALDSBURG, CALIFORNIA 95448",,,"Image 1 (876x1133) is the back label, black spaced serif on white inside a rounded rule: '2024', 'WHITE ZINFANDEL', 'DRY CREEK VALLEY', 'MADE WITH ORGANIC GRAPES FROM OUR VINEYARD', 'PRESTON FARM & WINERY' in brown spaced caps, 'ESTATE BOTTLED BY PRESTON FARM & WINERY HEALDSBURG, CALIFORNIA 95448', 'PRESTONFARMANDWINERY.COM', 'CERTIFIED ORGANIC BY CCOF', the government warning, and '750ML · ALC 14.2% BY VOL · CONTAINS SULFITES'. Image 2 (791x1024) is the front on pale mint: '2024', a watercolour trout, 'DRY CREEK VALLEY', 'WHITE ZINFANDEL', 'PRESTON FARM & WINERY' in brown; no alcohol or net contents on the front. Filed class DESSERT/PORT/SHERRY/(COOKING) WINE; label says 'WHITE ZINFANDEL'. · filed brand 'PRESTON FARM & WINERY', class 'DESSERT /PORT/SHERRY/(COOKING) WINE', origin 'CALIFORNIA'"
26260001000669,import,DRY FARM WINES,RED WINE,11.91% ALC. BY VOL.,750ML,"DRY FARM WINES AND PODERE LE RIPI, MONTALCINO, ITALY",Italy,brand_name=review,"Image 1 is the US back label, black on white: 'DRY FARM WINES' in letter-spaced serif capitals at the top, 'IN PARTNERSHIP WITH PODERE LE RIPI', then the largest line '2024 TOSCANA ROSSO', 'RED WINE | IGT Toscana', '100% Sangiovese', a large empty space, two stat blocks '0.5 GRAMS PER LITER RESIDUAL SUGAR' and '11.91% ALC. BY VOL.' in a thin condensed face, a tasting sentence, 'MEDIUM BODY' with a bar, 'PRODUCED BY DRY FARM WINES AND PODERE LE RIPI, MONTALCINO, ITALY' in condensed capitals, the government warning, 'IMPORTED BY: DRY FARM WINES, DALLAS, TEXAS', 'PRODUCT OF ITALY', 'CONTAINS SULFITES', a lot 'W23000', '750ML', 'CA CRV'. Image 2 is the producer's front label: a naive-style painting of a forest with a deer, squirrel, birds and a wolf, then on white 'Il Cerbiatto' in green italic serif, '2024', 'Indicazione Geografica Tipica', '11,91% VOL' (comma decimal), '750ml' with an e-mark, 'Product of Italy', 'contiene solfiti - contains sulphites'. The filed brand 'DRY FARM WINES' appears only on the back label in modest type (the largest back-label text is '2024 TOSCANA ROSSO'); the front label carries a different name, 'Il Cerbiatto'. Filed fanciful name 'LE RIPI' appears only inside 'PODERE LE RIPI'. · filed brand 'DRY FARM WINES', class 'TABLE RED WINE', origin 'ITALY'"
26260001000700,wine,BREAD & BUTTER,RED BLEND,13.5% ALC./VOL.,750ML,"BREAD & BUTTER NAPA, CALIFORNIA",,,"Image 2 front: minimalist black geometric sans on white, BREAD & BUTTER large, RED BLEND letter-spaced, 2024. Image 1 back: VINTED AND BOTTLED BY / BREAD & BUTTER / NAPA, CALIFORNIA letter-spaced, description, boxed URL WWW.BREADANDBUTTERWINES.COM, warning in condensed caps, then CALIFORNIA RED WINE / CONTAINS SULFITES / 13.5% ALC./VOL. 750ML, IA 5¢ / ME 15¢, CA CRV, barcode. The back designates it CALIFORNIA RED WINE; the front says RED BLEND. · filed brand 'BREAD & BUTTER', class 'TABLE RED WINE', origin 'CALIFORNIA'"
26260001000709,import,BRINLEY GOLD SHIPWRECK,RUM WITH NATURAL VANILLA FLAVOR AND CARAMEL COLOR,36% ALC. BY VOL (72 PROOF),750ML,"Brinley & Company, Atlantic Highlands, NJ",St. Kitts,,"Image 1 front (926x685): pale yellow-to-white ground with vanilla flowers and a faint ship's-wheel watermark. 'BRINLEY GOLD' is small, light-grey decorative caps with very low contrast above 'SHIPWRECK' (with ®) in large dark-grey distressed serif caps; 'VANILLA RUM' in serif caps; 'St. Kitts, West Indies' in script; then two small serif lines 'RUM WITH NATURAL VANILLA FLAVOR / AND CARAMEL COLOR' and '36% ALC. BY VOL (72 PROOF) 750ML'. Image 2 back (982x682): same brand lockup, paragraph, handwritten signatures, photo of two men, small lines 'Imported by Brinley & Company, Atlantic Highlands, NJ', 'WWW.SHIPWRECKRUM.COM  Product of St. Kitts. Caribbean Rum.', 'Produced under license by the St Kitts Rum Co Ltd.', 'GLUTEN FREE', warning, barcode, and a vertical note 'NOTE: WITH OUR NATURAL FLAVORS SEDIMENT MAY OCCUR' on the left margin. Filed origin is St. Kitts and Nevis; label says 'Product of St. Kitts'. · filed brand 'BRINLEY GOLD SHIPWRECK', class 'RUM SPECIALTIES', origin 'ST. KITTS AND NEVIS'"
26260001000825,wine,Alta Marfa,TEXAS RED WINE,13.8% ALC. BY VOL,375 mL,ALTA MARFA LLC: MARFA: TEXAS,,class_type=review,"Single wide image (2251x1276) with two panels. Left panel (white): the brand 'Alta Marfa' in orange hand-drawn looped cursive on two lines, a '2025' oval stamp, then black spaced caps '2025 TEXAS RED WINE', 'KUBACAK VINEYARD, TEXAS HIGH PLAINS', '50% CABERNET SAUVIGNON', '25% MERLOT / 25% GRACIANO', '13.8% ALC. BY VOL', the government warning in condensed caps ending 'CONTAINS SULFITES – 375 mL', 'PRODUCED AND BOTTLED BY ALTA MARFA LLC: MARFA: TEXAS' (punctuated with colons as printed), 'LABEL DESIGN BY @MAKLVANE', a barcode, a house doodle, 'FUN TEXAS WINES' and 'ALTAMARFA.COM'. Right panel (orange): hand-lettered 'FUN SIZED RED' and a drawing of a hand holding a tiny bottle. The filed fanciful name is SNACK SIZE but the label prints 'FUN SIZED RED'. The class words sit inside '2025 TEXAS RED WINE'; net contents appear only at the end of the warning/sulfite line. · filed brand 'ALTA MARFA', class 'TABLE RED WINE', origin 'TEXAS'"
26261001000095,import,SVEDKA,VODKA,40% ALC BY VOL (80 PROOF),1.75 L,"SAZERAC CO., LOUISVILLE, KY",Ireland,net_contents=review,"Image 1 (4225x3698) is a full bottle wrap: a dark-blue mosaic-tile photograph background with a gold band; 'SVEDKA' in large blue caps on the gold band, white football-shaped brackets, 'VODKA' in white caps with 'Distilled Four Times' in script, 'BIG GAME EDITION 2027' in white display caps, 'HOME TEAM' (fanciful name) in a small gold box, and along the bottom-left in small white spaced caps '40% ALC BY VOL (80 PROOF)'. Right half: 'EVERY BOTTLE IS A CHANCE TO WIN' and three numbered promo steps, sweepstakes fine print, the government warning in small white type, and a very small block 'ME/VT REF 15¢ IA 5¢ CA CRV / IMPORTED & BOTTLED BY SAZERAC CO., LOUISVILLE, KY / PRODUCT OF IRELAND / 100% GRAIN NEUTRAL SPIRITS / 1.75 L / SVEDKA.COM', a barcode with a blue 'FPO' placeholder, and 'TEAR HERE TO SEE IF YOU ARE A WINNER!' at left. Image 2 (500x400) is a gold ticket graphic ('SCAN THE QR CODE AND ENTER YOUR UNIQUE PIN...') with no mandatory text. Net contents, origin and bottler are only in the tiny white block over the photograph; the class is stated as 'VODKA' (large) and '100% GRAIN NEUTRAL SPIRITS' (tiny). · filed brand 'SVEDKA', class 'VODKA 80-89 PROOF USB', origin 'IRELAND'"
26261001000185,beer,FIELD DAY LAGER,LAGER,5% ALCOHOL BY VOLUME,355 ML,"TONEWOOD BREWING IN OAKLYN, NJ",,,"Single image of a flat can wrap, cream text on dark green. Left (front) panel: 'FIELD DAY LAGER' in a large hand-lettered marker face over a silhouette of pine trees, the government warning rotated 90 degrees at the far left with 'PLEASE RECYCLE', a vertical UPC barcode, and a bottom row in a monospace face '12 FL OZ', 'LAGER', '5% ALCOHOL BY VOLUME', '355 ML'. Centre cream panel: a keystone badge 'HAVE A FIELD DAY', 'MADE IN COLLABORATION WITH TONEWOOD BREWING', a 'BREWERS ASSOCIATION CERTIFIED INDEPENDENT CRAFT' seal. Right panel: 'TONEWOOD BREWING' rotated vertically in large capitals, '@FIELDDAYPHILLY' and '@TONEWOODBREWING' vertical, and 'BREWED & PACKAGED IN OAKLYN, NJ'. The bottler statement names no company in the verb phrase; the brewer name is the vertical 'TONEWOOD BREWING' logo. Volume printed as both '12 FL OZ' and '355 ML'. · filed brand 'FIELD DAY LAGER', class 'BEER', origin 'NEW JERSEY'"
26261001000238,wine,Puente Real,Rosé Wine,ALC. 10% BY VOL.,750 ML,"PUENTE REAL SA. TOA BAJA, P.R.",,,"Image 1 front: white blackletter Puente Real® on hot pink with a crest; Pink Moscato (fanciful) in white serif; Rosé Wine; lower panel Vino Rosado, ALC. 10% BY VOL., DISTRIBUTED BY B. FERNANDEZ & HNOS. INC. Image 2 back (590x668, readable): Puente Real®, Spanish award text (Ganador Del Premio “TROFEO INTERNACIONAL A LA CALIDAD DE ALIMENTACIÓN Y BEBIDAS” OTORGADO EN MADRID 2011, ESPAÑA.), gold trophy photo, warning, FOR SALE IN PUERTO RICO ONLY, CONTAINS SULFITES, barcode, 750 ML, BOTTLED BY PUENTE REAL SA. TOA BAJA, P.R. Domestic (Puerto Rico), so no country of origin. · filed brand 'PUENTE REAL', class 'ROSE WINE', origin 'PUERTO RICO'"
26261001000255,spirits,SanTan DISTILLING,BOURBON WHISKEY WITH NATURAL FLAVORS,6.5% ALC./VOL.,355 ML.,"SANTAN DISTILLING DBA OF SANTAN BREWING COMPANY, INC. CHANDLER, AZ U.S.A.",,,"Can wrap (1388x720) with two identical front panels on a cream wood-grain ground. Orange header 'ARIZONA CRAFTED'. Brand 'SanTan' in a large green rounded display face with 'DISTILLING' letterspaced beneath and 'HAND' / 'MADE' flanking. Mason-jar and peach illustration; green badge 'PEACH BOURBON WHISKEY / REAL TEA / LEMONADE'. Green footer: 'PEACH BOURBON' large white caps; '6.5%' with 'ALC./VOL.' in very small type beneath it; 'TEA + LEMONADE' gold letterspaced; '12 fl oz.' with '355 ML.' tiny beneath it; then 'BOURBON WHISKEY WITH NATURAL FLAVORS' in small white letterspaced caps. US net figure '12 fl oz.' is the prominent one; metric '355 ML.' is tiny. Bottler and warning are very small text rotated 90 degrees clockwise beside the barcode: 'DISTILLED & CANNED BY SANTAN DISTILLING DBA OF SANTAN BREWING COMPANY, INC. CHANDLER, AZ U.S.A.' · filed brand 'SANTAN DISTILLING', class 'WHISKY SPECIALTIES', origin 'ARIZONA'"
26261001000300,spirits,DIXIE,BLACK PEPPER FLAVORED VODKA,40% Alc/Vol,1L,"Next Century Spirits, Zebulon, NC",,,"Single wrap label (1185x835) with a grey frame and three panels. Centre: 'Crafted in the' / 'Carolinas' in script either side of a palmetto oval with 'ESTD' and '2014', the brand 'DIXIE' in a very large tall inline/bifurcated display face, the fanciful name 'Black' in script and 'PEPPER' in grey condensed caps, 'BLACK PEPPER FLAVORED VODKA' in bold caps, and the bottom rule 'Distilled 7x | 40% Alc/Vol | 1L' in bold serif; a large illustration of a green pepper and peppercorn strings overlaps the right side. Left panel: 'MADE IN AMERICA', 'Raised in the South' (script), a QR code, 'DISTILLED FROM CORN GLUTEN-FREE', the government warning in small condensed type, a boxed 'BOTTLED BY Next Century Spirits Zebulon, NC' and a barcode. Right panel: a 'MADE WITH THE South's BEST VODKA' orange seal and a marketing paragraph in serif. No street address. · filed brand 'DIXIE', class 'VODKA - OTHER FLAVORED', origin 'NORTH CAROLINA'"
26261001000449,beer,MORE BREWING COMPANY,HELLES-STYLE LAGER,4.5% ALC VOL,16 FL OZ (1 PINT),"MORE BREWING COMPANY 13980 AUTOMALL DR, HUNTLEY, IL 60142",,,"Single can wrap, green and blue with gold tulip line art. MORE in a green geometric logotype with stylized O and R, BREWING COMPANY® beneath; Helles (fanciful) in white script on a blue ribbon; gazebo roundel. All required fields are in a narrow blue side panel in white: HELLES-STYLE LAGER, 4.5% with ALC stacked over VOL (reads as ALC/VOL), 16 FL OZ (1 PINT); then rotated 90 degrees BREWED & PACKAGED BY MORE BREWING COMPANY 13980 AUTOMALL DR, HUNTLEY, IL 60142, the warning, ARTWORK BY MAX BARE & MELISSA SUE STANLEY; certification badge and barcode. · filed brand 'MORE BREWING COMPANY', class 'MALT BEVERAGES', origin 'ILLINOIS'"
26261001000523,spirits,Ol’ Granary,Bourbon Whiskey,90 Proof | 45% ALC/VOL,750 ML,"Father Johns Bryan Brewing Company Bryan, Ohio",,,"Image 1 front (900x1440): cream ground with an engraved raven and grain-elevator illustration; brand 'Ol’ Granary' (typographic apostrophe) in large bold serif with a white halo over the drawing; 'From the House of Rav’n' italic above it; 'Bourbon Whiskey' italic serif; '90 Proof | 45% ALC/VOL | 750 ML'; 'Small Batch' in red. Image 2 back (900x900): ornate grey acanthus frame; 'John S. Shaffer' curved with 'APPROVED'; 'Ol’ Granary' / 'Bourbon'; warning in serif; 'www.drinksmart.com 21+'; 'Produced and Bottled by Father Johns Bryan Brewing Company / Bryan, Ohio'. · filed brand ""OL' GRANARY"", class 'BOURBON WHISKY', origin 'OHIO'"
26261001000562,beer,Amber,AMBER LAGER,5.0% ALC/VOL,16 FL.OZ,"ST.ELMO BREWING CO., AUSTIN TEXAS",,class_type=review,"Single can wrap (1279x910), cream type on a flat red ground. The brand 'Amber' is a huge bold sans word rotated 90 degrees (reading bottom to top) down the left side. Next to it, printed vertically one letter per line in widely spaced caps, is 'AMBER LAGER' with '5.0% ALC/VOL' above and '16' / 'FL.OZ' below (stacked, also small). Centre: 'ST. ELMO BREWING COMPANY' in spaced caps and a three-bar logo; 'Cheers!' in script top-right. Right edge, rotated 90 degrees in small type: 'BREWED AT ST.ELMO BREWING CO.' (no space after 'ST.'), 'AMBER-AMBER LAGER', 'AUSTIN TEXAS', 'FRESH BEER', a Brewers Association independent-craft seal, 'PLEASE RECYCLE' and the government warning in condensed caps, then a barcode. The class is printed only as the vertical one-letter-per-line 'AMBER LAGER' and the sideways 'AMBER-AMBER LAGER', both hard for OCR. No street address. · filed brand 'AMBER', class 'BEER', origin 'TEXAS'"
26261001000660,spirits,TWO BROTHERS,BOURBON WHISKEY,94 PROOF | 47% ALC. BY VOL.,750 ML,"Two Brothers Artisan Spirits, Aurora, IL",,,"Single image (1667x1247), a black label with pale-yellow (cream) type and a rope border, flanked by black pinstriped wings. Centre: a spiral emblem, 'TWO BROTHERS' in large cream rounded caps, 'ARTISAN SPIRITS' in spaced caps beneath, 'SMALL BATCH', 'BOURBON' in a very large outlined serif display face, 'WHISKEY', a circular badge 'AGED 7 YEARS', a banner 'AGED AT THE HISTORIC TWO BROTHERS ROUNDHOUSE' with '94 PROOF | 47% ALC. BY VOL.' in a typewriter-style face, and '750 ML' in small thin type near the bottom. Right wing, rotated 90 degrees (reads bottom-to-top) in small cream type: 'Distilled, Blended and Bottled by Two Brothers Artisan Spirits, Aurora, IL' and the government warning; a blank white rectangle (barcode placeholder) sits in the right wing. Filed brand 'TWO BROTHERS ARTISAN SPIRITS' is printed as 'TWO BROTHERS' (large) over 'ARTISAN SPIRITS' (small). Filed fanciful '7 YEAR SMALL BATCH BOURBON'; filed class STRAIGHT BOURBON WHISKY, label says 'SMALL BATCH BOURBON WHISKEY' (no 'straight'). Proof is printed before the percentage. · filed brand 'TWO BROTHERS ARTISAN SPIRITS', class 'STRAIGHT BOURBON WHISKY', origin 'ILLINOIS'"
26262001000009,spirits,ARTHUR WHEELER SPIRITS CO.,STRAIGHT BOURBON WHISKEY FINISHED WITH TOASTED OAK STAVES,47.5% (95 PROOF),750 ML,"ARTHUR WHEELER SPIRITS COMPANY UPPER MARLBORO, MARYLAND",,brand_name=review;class_type=review,"Single very wide image (5086 x 1290) of a dark charcoal wraparound label; all text is light grey on dark grey with low contrast, and a chevron pattern runs behind the centre. Left: 'NOTES' tasting text and an 'AWSCo' mark. Centre-left under a 'SPECIAL OPS' eagle crest in a tab: the fanciful name 'SIGINT/URE' in large capitals, 'STRAIGHT BOURBON WHISKEY FINISHED WITH TOASTED OAK STAVES' letter-spaced on two lines, then a captioned row 'BATCH 0000001', 'ALC BY VOL 47.5% (95 PROOF)', 'VOL 750 ML', and 'ARTHUR WHEELER SPIRITS CO.' in small letter-spaced capitals. Centre-right: 'Our SIGINT/URE pays homage...' paragraph, 'BLENDED & BOTTLED BY ARTHUR WHEELER SPIRITS COMPANY UPPER MARLBORO, MARYLAND', 'DISTILLED IN INDIANA'. Right: the government warning and a UPC barcode. Filed brand 'ARTHUR WHEELER SPIRITS COMPANY' is printed only in small type ('ARTHUR WHEELER SPIRITS CO.' under the batch row, and the full name in the bottler line); the dominant name is 'SIGINT/URE'. The class words are inside the longer phrase with 'FINISHED WITH TOASTED OAK STAVES'. The alcohol figure sits under the caption 'ALC BY VOL' rather than beside it. · filed brand 'ARTHUR WHEELER SPIRITS COMPANY', class 'WHISKY SPECIALTIES', origin 'MARYLAND'"
26262001000022,wine,Jack's PRIVATE RESERVE,SAUVIGNON BLANC,ALCOHOL 14.5% by volume,750 ml,"Jack's Country Store, Zillah, Washington, USA",,,"Image 1 front on cream: round grey seal FOUNDED 1885 Jack's OCEAN PARK WASHINGTON; Jack's in a large black baseball-style script with an underline swash; PRIVATE RESERVE in caps; Yakima Valley; SAUVIGNON BLANC in white on a blue band; 2025. Image 2 back: SUSTAINABLE WA badge, Jack's script, Produced and bottled by Jack's Country Store, Zillah, Washington, USA, jackscountrystore.com, STORE IN A COOL PLACE® box, barcode, warning, Contains Sulfites, ALCOHOL 14.5% by volume, 750 ml large, QR code. Filed class is DESSERT/PORT/SHERRY; the label says SAUVIGNON BLANC at 14.5%. · filed brand ""JACK'S PRIVATE RESERVE"", class 'DESSERT /PORT/SHERRY/(COOKING) WINE', origin 'WASHINGTON'"
26262001000118,import,SEÑORIO DE OSUNA,ALBARIÑO,Alc.12% By Vol,750ML,"ASSA IMPORTS INC, WASHINGTON, DC",Spain,,"Image 1 front (915x1324): white ground, engraving of two men on a tandem bicycle; '2025' at top; brand on two lines, 'SEÑORIO DE' smaller and 'OSUNA' large in black slab serif; 'ALBARIÑO' in olive-green serif caps; 'Rías Baixas' script with 'DENOMINACIÓN DE ORIGEN'; 'PRODUCT OF SPAIN'. Image 2 back (603x808): brand repeated at top; English tasting notes; 'IMPORTED BY: ASSA IMPORTS INC, WASHINGTON, DC'; warning; Spanish bottler line 'Embotellado para Francisco Chávarri Muro 01306 - Lapuebla de Labarca (España) por R.E.N. 41071/PO - Ribadumia - Val do Salnés Pontevedra - España - Producto de España'; lot 'L-4012025'; bottom-left '750ML' and 'Alc.12% By Vol' (no space after 'Alc.') in condensed sans next to a recycling mark; barcode; sulfite statements in four languages. Alcohol and net contents appear only on the back. Importer used as bottler line. · filed brand 'SEÑORIO DE OSUNA', class 'TABLE WHITE WINE', origin 'SPAIN'"
26263001000050,import,WOKULSKI,VODKA DISTILLED FROM GRAIN,40 % ALC./VOL.,500 ml,"R&M BRANDS INC., 1057 Zygmunt Crl. Westmont, IL 60559",Poland,class_type=review,"Image 1 (617x827) shows the Polish front labels: an upper grey shield-shaped label with 'Z DOMU KOLONIALNEGO' small, the brand 'WOKULSKI' in large slanted dark serif caps with a gold shadow, an engraved horse-and-carriage, 'WÓDKA' (with an accent) and 'CZYSTA'; a lower blue label with a 'MANUFAKTURA TRUNKÓW W' seal, a copper still illustration, handwritten entries 'NR KADZI ZE/III' and 'NR RECEPTURY KA-II/58', a handwritten signature 'Stanisław Wokulski', then '40 % obj.' (left) and '500 ml' (right). Image 2 (646x647) is the US back label, black sans on white: the government warning in spaced caps, 'IMPORTED BY: R&M BRANDS INC. 1057 Zygmunt Crl. Westmont, IL 60559', 'PRODUCED AND BOTTLED BY: BZK ALCO S.A. ul. Połczyńska 97A, 01-303 Warszawa, POLAND', and on the right a small 'WOKULSKI' logo over 'VODKA DISTILLED FROM GRAIN', '500 ml' and '40 % ALC./VOL.' (space before the percent sign). Image 3 (179x458, tiny) is a neck strip with 'MANUFAKTURA TRUNKÓW' printed vertically and the W seal; no mandatory information. The class word VODKA appears only inside 'VODKA DISTILLED FROM GRAIN' (and as Polish 'WÓDKA CZYSTA' on the front). There is no explicit 'Product of Poland' statement; the country comes from the producer address. · filed brand 'WOKULSKI', class 'VODKA 80-89 PROOF FB', origin 'POLAND'"
26263001000124,import,CHUPARROSA,MEZCAL ARTESANAL,40% Alc. Vol. (80 PROOF),750 ml,"AGAVE TRADER COMPANY LLC SAN DIEGO, CA. 92154",Mexico,,"Image 1 (537x686) is the front: a black label (with blue dimension rulers '4.42""' and '5.94""' drawn around it) with a colourful folk-art hummingbird and yellow flowers; 'CHUPARROSA' in large white ornate serif caps on a ribbon between 'PRODUCCIÓN SELECTA' (arched above) and '100% MAGUEY' (arched below); 'MADE IN MEXICO' and 'PRODUCT OF OAXACA'; 'ESPADÍN' (fanciful) in a white box; 'MEZCAL ARTESANAL | JOVEN | AGAVE ANGUSTIFOLIA' in small white caps; 'Net. Cont. 750 ml' and '40% Alc. Vol. (80 PROOF)'; 'DENOMINACIÓN DE ORIGEN PROTEGIDA'. Image 2 (585x645) is the back (rulers '3.37""' and '3.81""'): a Hecho en Oaxaca seal, the CHUPARROSA ribbon logo, a 'HECHO EN MÉXICO' badge; in thin condensed white caps 'PRODUCED BY: CASA CRUGA S.A. DE C.V. RFC: CCR220914823 ÁLAMOS #117, COL. EX-HACIENDA CANDIANI, SANTA CRUZ XOXOCOTLÁN, OAXACA C.P. 71233' and 'IMPORTED BY: AGAVE TRADER COMPANY LLC SAN DIEGO, CA. 92154'; deposit codes, 'BATCH:' and 'BOTTLE NUMBER:' blanks, barcode, government warning. Filed fanciful name 'MEZCAL ARTESANAL PLATA' is not printed as such (label says JOVEN and ESPADÍN). Bottler field holds the importer. Designating words sit in a bar-separated line. · filed brand 'CHUPARROSA', class 'MEZCAL FB', origin 'MEXICO'"
26264001000014,spirits,DREAM MACHINE,STRAIGHT BOURBON WHISKEY,40% Alc. by Vol. (80 proof),750 ml,"Fenton Winery & Brewery 1370 N Long Lake Road Fenton, MI 48430",,,"Image 1 is the front: cream parchment with a navy and orange frame. 'DREAM MACHINE' on an upward arc in navy serif capitals at the top, then the fanciful name 'NIGHT EXPRESS' very large in a condensed display face, an engraved steam locomotive with a 'DM' monogram, 'SMALL BATCH SPIRITS' and 'FOR SPIRITED PEOPLE' at the sides, 'BOURBON' large in orange, 'STRAIGHT BOURBON WHISKEY' letter-spaced, and '40% Alc. by Vol. (80 proof) 750 ml' on one line at the bottom. Image 2 is the back strip (5086 x 1290): a paragraph in serif, 'DREAM [M] MACHINE' logo in orange with a monogram between the words, 'Produced & Bottled by: Fenton Winery & Brewery / 1370 N Long Lake Road / Fenton, MI 48430' in a plain sans, and the government warning. The brand on the front is curved and smaller than the fanciful name. · filed brand 'DREAM MACHINE', class 'STRAIGHT BOURBON WHISKY', origin 'MICHIGAN'"
26264001000225,beer,Benny Boy Brewing,Hazy India Pale Ale,6.3% ALCOHOL/VOLUME,1 PINT,"Benny Boy Brewing, Los Angeles, CA",,bottler_name_address=review,"Single can wrap in a retro screen-print style (green, cream, salmon, dark teal) with cartoon alligators in a paddling pool. Benny Boy Brewing is a hand-lettered logo (Benny Boy bold, Brewing script) at top centre; HAZY GATOR (fanciful) in large cream block letters on dark teal; Hazy India Pale Ale in script beneath it. Left cream panel: playful copy (WHO AM I? ... I AM HAZY GATOR.), then 1 PINT • 6.3% ALCOHOL/VOLUME in salmon display numerals with tiny unit labels, certification badges and feature icons. There is no single name-and-address line: the brewer name appears only as the logo and the address only as the top-margin line PROUDLY BREWED IN LOS ANGELES, CA; the bottler value here combines the two. Warning rotated 90 degrees in the right panel; KEEP REFRIGERATED, ENJOY RESPONSIBLY and ART BY @DARNGOODDESIGNCO in tiny caps. · filed brand 'BENNY BOY BREWING', class 'ALE', origin 'CALIFORNIA'"
26264001000244,spirits,WATERMAN SPIRITS,VODKA INFUSED WITH ORGANIC LEMON FLAVOR,35% ALC/VOL,50 ML,"WATERMAN SPIRITS, VIRGINIA BEACH, VA",,,"Image 1 (462x716, small) shows two label pieces for a 50 mL miniature: a top/neck label with a 'W' monogram and 'WATERMAN' in brown serif caps with gold outline over '– SPIRITS –'; and a body label with 'ORGANIC / LEMON' in brown caps on cream, then on a yellow ground 'VODKA INFUSED WITH ORGANIC LEMON FLAVOR', 'GLUTEN-FREE | # 0001', '35% ALC/VOL | 50 ML', a USDA Organic seal and a curved 'DISTILLED & FILTERED THROUGH CORAL' around a coral drawing. Image 2 back (766x436): teal condensed caps on cream: '@WATERMANSPIRITS / WATERMANSPIRITS.COM / DISTILLED & BOTTLED BY WATERMAN SPIRITS, VIRGINIA BEACH, VA / CERTIFIED ORGANIC BY OREGON TILTH', warning, barcode. · filed brand 'WATERMAN SPIRITS', class 'VODKA SPECIALTIES', origin 'VIRGINIA'"
26264001000246,spirits,SMIRNOFF,VODKA INFUSED WITH NATURAL FLAVORS,30% Alc/Vol,50 mL,"SMF BEVERAGE CO., MORRISON, TN",,class_type=review,"Single miniature-bottle label (1499x1124). Left/centre: 'SMIRNOFF™' in large white bevelled caps on a curved gold-striped banner, a crown and a white shield with the fanciful name 'WHIPPED CREAM' in bold spaced caps over 'VODKA INFUSED WITH NATURAL FLAVORS' in spaced caps, a tiny 'Ste Pierre Smirnoff Fls' script line, the 'Smirnoff™' signature script across the bottom, '30% Alc/Vol' in small condensed type bottom-right of the panel, and 'MADE WITH TRIPLE DISTILLED VODKA' bottom-left, all over a photograph of whipped-cream swirls with gold flakes. The right third is a column of black condensed text rotated 90 degrees (reading bottom to top): 'GLUTEN FREE', the government warning, 'PRODUCED BY SMF BEVERAGE CO., MORRISON, TN', 'DRINKiQ.com www.smirnoff.com 1.866.548.1544', '50 mL', a 21+ roundel, 'KOSHER', 'ME 5¢', 'CA CRV', 'PLEASE RECYCLE', a code number, and a barcode. Net contents and the producer appear only in that rotated text. The class word VODKA appears only inside 'VODKA INFUSED WITH NATURAL FLAVORS'. · filed brand 'SMIRNOFF', class 'VODKA SPECIALTIES', origin 'TENNESSEE'"
26264001000249,spirits,DOWN ISLAND,CHICAGO RUM,60% ALC. BY VOL.,750 ML,"INDIAN RIVER DISTILLERY VERO BEACH, FL",,,"Image 1 (676x1501) is the front, blue type on white with a faint Chicago-flag (pale red stars, blue stripes) watermark: 'DOWN ISLAND' arched in large blue caps with 'Spirits' in small script between, a palm-island silhouette, 'SINGLE CASK RUM SERIES', a yellow rule, 'CHICAGO RUM' in very large bold caps, a red diamond 'CHI 22/24', a dotted spec list (DISTILLED 2022/2024, BOTTLED 2026, STILL TYPE POT STILL, CASK TYPE JUDSON & MOORE RYE BARREL, RAW MATERIAL GRADE A MOLASSES, YEAST STRAIN/TYPE KVEIK YEAST, BOTTLE NO. '001' handwritten, CASK NO. 4FD-74), 'NO ADDITIVES NO CHILL FILTRATION', 'DISTILLED AT CHICAGO CANE CO-OP CHICAGO, ILLINOIS', and along the bottom '750 ML' and '60% ALC. BY VOL.'. Image 2 (676x1501) is the back: the same header, 'CHICAGO 2022/2024', two paragraphs in blue bold caps, the government warning, then in black 'PRODUCT OF CHICAGO, USA. SELECTED BY DOWN ISLAND SPIRITS BOTTLED BY INDIAN RIVER DISTILLERY VERO BEACH, FL', a sample barcode '0 01234 56789 0', 'WWW.DOWNISLANDSPIRITS.COM'. Filed brand 'DOWN ISLAND SPIRITS' is printed as 'DOWN ISLAND' large with 'Spirits' in small script. Filed class OTHER RUM (GOLD); label says 'CHICAGO RUM'. · filed brand 'DOWN ISLAND SPIRITS', class 'OTHER RUM (GOLD)', origin 'FLORIDA'"
26264001000262,import,SCHIRRU,WHITE WINE,ALC 11-14% BY VOL.,750 ML,"HAW RIVER WINE MAN, INC BURLINGTON, NC USA",Italy,class_type=review,"Image 2 front: Arkìmia (fanciful, italic serif with a grave accent on the i) over SCHIRRU in letter-spaced caps and 2025, inside a watercolour leaf border; no class, alcohol or contents on the front. Image 1 is a small strip (1000x284) with everything in bold condensed caps: SELECTION BY: NOMAD WINE GUY; IMPORTED BY: HAW RIVER WINE MAN, INC BURLINGTON, NC USA; 750 ML - ALC 11-14% BY VOL. - PRODUCT OF ITALY; ITALY - ARKÌMIA 2025 - WHITE WINE (the class appears only inside this dashed line); warning; CONTAINS SULFITES BOTTLED BY AZIENDA AGRICOLA SCHIRRU (SU) ITALY. · filed brand 'SCHIRRU', class 'TABLE WHITE WINE', origin 'ITALY'"
26264001000302,import,TEQUILA ALDERETE,TEQUILA,ALC 40% VOL 80 PROOF,1 L,"C&A PRODUCE DISTRIBUTORS INC. SALINAS, CA.",Mexico,class_type=review,"Tall images (853x1836). Image 1 front: beige ground, black agave emblem; 'TEQUILA' in small letterspaced caps over 'ALDERETE' in large black serif display with a long swash on the final E; 'BLANCO' in gold letterspaced caps with a gold flourish; a dashed-rule grid with 'HECHO EN MEXICO', '100% DE AGAVE', 'SINCE 2011', 'MASTER DISTILLER SERGIO CRUZ'; bottom-left '— 1 L — / Cont. Net.'; bottom-right 'ALC 40% VOL' over '— 80 PROOF —' (two lines, decorative dashes). Image 2 back: grey condensed text; 'PRODUCTION NOTES' dotted list; warning; 'PRODUCED AND BOTTLED BY: FELICIANO VIVANCO Y ASOCIADOS S.A. DE C.V. KM 2 CARRETERA ARANDAS - TEPATITLAN - ARANDAS, JALISCO MEXICO CP 47180.'; 'IMPORTED BY: C&A PRODUCE DISTRIBUTORS INC. SALINAS, CA.'; NOM 1414 CRT; barcode; 'Cont. Net. 1 L 40% Alc. Vol. (80 Proof)'. The class word TEQUILA appears only inside the brand lockup; 'BLANCO' is printed separately as the type. Importer used as bottler line. · filed brand 'TEQUILA ALDERETE', class 'TEQUILA FB', origin 'MEXICO'"
26264001000480,beer,ILLUSIONARY,Double India Pale Ale,Alc. 7.8% By Vol.,1 Pint,"Tree House Brewing Company, Charlton, MA, South Deerfield, MA, Sandwich, MA, Tewksbury, MA, Boston, MA, Woodstock, CT, Saratoga Springs, NY",,,"Single can wrap (1600x1134) styled as a vintage circus poster on aged paper. Main panel: 'ILLUSIONARY' in large arched red-and-cream circus display caps over a striped big top, a magician, a rabbit in a hat and a levitating woman; ribbons 'THRILLS!' and 'CHILLS!'; red roundels 'SEE THE WORLD'S MOST DARING MAGIC SHOW!' and 'LIVE WELL. DRINK FRESH.'; and 'TREE HOUSE BREWING COMPANY' in spaced caps along the bottom edge. Right panel (cream text on black with red stars): 'ILLUSIONARY' again in arched display caps, two serif paragraphs describing the beer, then 'Double India Pale Ale' and '1 Pint | Alc. 7.8% By Vol.' in red serif, 'Brewed by Tree House Brewing Company Charlton, MA, South Deerfield, MA, Sandwich, MA, Tewksbury, MA, Boston, MA, Woodstock, CT, Saratoga Springs, NY', 'WWW.TREEHOUSEBREW.COM' and the government warning in small serif. The brewer lists seven towns rather than one street address; the description paragraph also calls it 'a Double IPA'. · filed brand 'ILLUSIONARY', class 'ALE', origin 'MASSACHUSETTS'"
26264001000501,import,FEUDO MACCARI,WHITE WINE,ALC 12.5% BY VOL.,750ML,FEUDO MACCARI SOCIETÀ AGRICOLA S.r.l. NOTO (SR) ITALY,Italy,,"Image 1 (560x641) is the back label, gold-brown and black on white: 'OLLI' (fanciful name) in large serif caps, 'GRILLO 2026', 'SICILIA', 'Denominazione di Origine Controllata', the Feudo Maccari crest with 'FEUDO MACCARI Noto', 'BOTTLED BY FEUDO MACCARI SOCIETÀ AGRICOLA S.r.l. NOTO (SR) ITALY' in thin condensed caps, 'PRoDuCT oF iTALY' and 'WHiTE WiNE' in an odd small-caps face with lowercase-looking letters, the government warning, 'NET CONT. 750ML', 'CONTAINS SULPHITES', 'ALC 12.5% BY VOL.', 'IMPORTED BY KOBRAND CORPORATION PURCHASE, N.Y. SOLE U.S. IMPORTERS', 'CA CRV', barcode and the Kobrand horse emblem. Image 2 (1038x651) is the front: a mosaic illustration of palms, herons and vases; 'FEUDO MACCARI' with crest and 'Noto' at top, 'OLLI' large and 'GRILLO' small in the centre; no alcohol or net contents. Importer: 'KOBRAND CORPORATION PURCHASE, N.Y.'. Varietal GRILLO; class statement 'WHITE WINE' is on the back only. Low resolution back label. · filed brand 'FEUDO MACCARI', class 'TABLE WHITE WINE', origin 'ITALY'"
26264001000503,import,TUFF,ARMENIAN BRANDY,40% Alc./Vol,700 mL,"""PROSHYAN BRANDY FACTORY"" LLC, YEREVAN, REPUBLIC OF ARMENIA",Armenia,brand_name=review,"Image 1 is a small gold-on-white panel: 'XXO' in a blocky geometric face, 'BRANDY', 'PRODUCT OF ARMENIA', 'HERITAGE LINE' large serif, 'LIMITED EDITION' underlined, '40% Alc./Vol', '700 mL'. Image 2 is the front: the brand 'TUFF' printed as four separate gold slab letters in a 2 x 2 grid (T U over F F) with wide gaps, black plus marks in the corners, and the fanciful name 'HERITAGE' in letter-spaced gold serif capitals near the bottom; an OCR reader will see 'T U' and 'F F' on separate lines. Image 3 is the back, gold type on white: 'ARMENIAN BRANDY / TUFF <<HERITAGE>> XXO / 30 YEARS OLD' (guillemets around HERITAGE), the government warning in mixed case, 'PRODUCED AND BOTTLED BY ""PROSHYAN BRANDY FACTORY"" LLC, YEREVAN, REPUBLIC OF ARMENIA' (quotation marks around the factory name as printed), 'EXCLUSIVELY IMPORTED BY: VENTA DISTRIBUTION, INC. LOS ANGELES, CA 90065', 'CA CRV', 'PRODUCT OF ARMENIA', a barcode, '40% Alc./Vol 700 mL', and the T U F F grid repeated small at top right. Image 4 is a gold-and-black neck strip reading 'D I S C O V E R' letter-spaced with a diamond. Filed class 'OTHER GRAPE BRANDY (PISCO'; the label says 'ARMENIAN BRANDY' / 'BRANDY'. · filed brand 'TUFF', class 'OTHER GRAPE BRANDY (PISCO', origin 'ARMENIA'"
26264001000533,import,CONTESSA CHIARA,PROSECCO,ALC. 11% BY VOL,200 ML,"VINEA, INC RICHMOND, VA 23224 – USA",Italy,,"Image 1 back: all text in light blue on white (low contrast): CONTESSA CHIARA, PROSECCO in a striped display face, DENOMINAZIONE DI ORIGINE CONTROLLATA, WHITE SPARKLING WINE – EXTRA DRY, PRODUCED BY: G.V. S.P.A. – BARDOLINO – ITALY, IMPORTED BY: VINEA, INC RICHMOND, VA 23224 – USA, warning, NET CONT. 200 ML, ALC. 11% BY VOL, PRODUCT OF ITALY, CONTAINS SULFITES, DOC PROSECCO PDO roundel, barcode on a blue block. Image 2 front oval: PROSECCO in blue striped caps with an orange script Sparkling overprinted across it, Denominazione di Origine Controllata, CONTESSA CHIARA in blue striped caps inside grey scrollwork, M111857 00. Image 3 neck strip: black PROSECCO D.O.C. twice on orange. The back designates it WHITE SPARKLING WINE – EXTRA DRY. · filed brand 'CONTESSA CHIARA', class 'SPARKLING WINE/CHAMPAGNE', origin 'ITALY'"
26264001000556,beer,noodles on the wall,American Pale Ale,5.4% ALC/VOL,1 PINT,"GREEN CHEEK BEER COMPANY BREWED IN COSTA MESA, CA.",,,"Single can wrap (1096x691) on cream. Brand is hand-lettered in three styles: 'noodles' in pale gold brush script over a gold scribble (low contrast), 'on the' in small teal script, 'wall' in heavy navy letters; a 'GREEN CHEEK BEER CO' square logo sits beside it. Class is hand-lettered 'it's an / American / Pale Ale' in navy and teal at right; 'DRINK WHILE SMILING' in gold. Parrot illustrations. Alcohol and net contents appear only in one small teal line running vertically up the left edge (rotated 90 degrees counter-clockwise): 'GREENCHEEKBEER.COM • PALE ALE • 5.4% ALC/VOL • 1 PINT • RECYCLE ME, PALLY!'. Brewer is four tiny teal lines at top left: 'GREEN CHEEK / BEER COMPANY / BREWED IN / COSTA MESA, CA.' The government warning also runs vertically. Everything except the brand is small. · filed brand 'NOODLES ON THE WALL', class 'ALE', origin 'CALIFORNIA'"
26264001000652,import,Galáctica,Sauvignon Blanc,ALC. 12.5% BY VOL.,20L,"Brazos Wine Imports LLC, Brooklyn, NY.",Chile,,"Single keg label (1600x1941), black on white. Top: the brand 'Galáctica' (with an accent) in a large bold high-contrast serif, with 'Sauvignon Blanc' on two lines and '2024' in bold sans to its right, above a rule. A large sans paragraph describing the wine. Lower left: the government warning in condensed caps, a round 'BRAZOS WINE' boat logo and 'brazoswine.com'. Lower right: 'D.O. Valle Central, Chile', 'PRODUCED BY: FL Wines. Ruta 5 Sur km 122 Pelequén, Chile.', 'IMPORTED BY: Brazos Wine Imports LLC, Brooklyn, NY.' (importer used for the bottler field), and 'ALC. 12.5% BY VOL., 20L' where '20L' is set in a different, lighter font as if pasted in. Centre bottom: 'CONTAINS SULFITES.', 'White Wine.', 'Product of Chile.'. The class is printed as the varietal 'Sauvignon Blanc' at the top and as 'White Wine.' in small print. · filed brand 'GALACTICA', class 'TABLE WHITE WINE', origin 'CHILE'"
26264001000664,wine,AMALGAM,RED WINE,14.3% ALC. BY VOL.,750ML,"AMALGAM WINES, HEALDSBURG, CA",,,"Image 1 (1400x2000) is the front: a large abstract wine-splatter illustration in burgundy, red and pink on white; 'AMALGAM' in pale yellow widely spaced serif caps (very low contrast on white), 'CRIMSON' (fanciful name) in burgundy spaced caps, '2024 SONOMA COUNTY' and 'RED WINE' in burgundy spaced caps at bottom-right. Image 2 (1400x2000) is the back: 'AMALGAM' in red serif caps, 'CRIMSON', a marketing paragraph ('Crimson 2024 is a Grenache and Cabernet Franc blend...'), 'AmalgamWines.com', a QR code 'SCAN TO LEARN MORE', then in black condensed caps 'PRODUCED AND BOTTLED BY AMALGAM WINES, HEALDSBURG, CA' / '14.3% ALC. BY VOL. - 750ML - CONTAINS SULFITES', 'CA CRV', the government warning and a barcode. Filed class DESSERT/PORT/SHERRY/(COOKING) WINE; label says 'RED WINE'. · filed brand 'AMALGAM', class 'DESSERT /PORT/SHERRY/(COOKING) WINE', origin 'CALIFORNIA'"
26264001000814,import,Foursquare,FINE BARBADOS RUM,58% alc./vol.,700 mL,"ALTAMAR BRANDS LLC, CORONA DEL MAR, CA",Barbados,,"Image 1 is the front, black/blue/brown type on white: 'Foursquare' very large in a serif face with an enlarged initial F (reads as small caps), the fanciful name 'ANTIOCH' in blue capitals, 'FINE BARBADOS RUM' in brown between rules, 'SINGLE BLENDED RUM', 'LOST CITIES SERIES', 'MARK I', then a form with captions 'Cask Type:', 'Cask Aging:', 'Released:' filled in by handwriting ('Ex-Bourbon', '19 years', 'Oct 2026') over dotted lines; bottom row '700 mL', 'Distilled and matured at Foursquare', a windmill logo, 'Product of Barbados', '58% alc./vol.' in a thin condensed face. Image 2 is the back: 'ANTIOCH' in blue, a paragraph in a formal script face, 'IA 5c ME 15c VT 15c', 'CA CRV', 'IMPORTED BY ALTAMAR BRANDS LLC, CORONA DEL MAR, CA', the government warning in a condensed face, and a rotated UPC barcode with a proof mark. The producer statement 'Distilled and matured at Foursquare' carries no address, so the bottler field holds the importer line. Class printed as 'FINE BARBADOS RUM' and 'SINGLE BLENDED RUM'. · filed brand 'FOURSQUARE', class 'OTHER RUM GOLD FB', origin 'BARBADOS'"
26265001000174,import,Sibeeria,Czech Pilsner,5% ALC/VOL,5.28 GAL,"Lime Ventures, Concord CA",Czechia,brand_name=review,"Single plain typed keg label, black on white, mixed serif and sans sizes, large empty margin below. Modus (fanciful) is the largest line; the brand Sibeeria is a small bold line beneath it and also appears inside the producer line PRODUCED AND PACKAGED BY Pivovar Sibeeria, Prague , Czechia (space before the comma). PRODUCT OF Czechia (filed origin says CZECH REPUBLIC). 5% ALC/VOL 5.28 GAL in bold; Czech Pilsner in small bold; warning; Imported by Lime Ventures, Concord CA with CA in italic. · filed brand 'SIBEERIA', class 'BEER', origin 'CZECH REPUBLIC'"
26265001000242,wine,ESCALADE,Cabernet Sauvignon,ABV 14.1%,750 ML,ESCALADE KING CITY CA,,,"Image 1 front (902x1504): painted white horse and gold-flecked mountains on cream; 'ESCALADE' in brown art-deco serif caps under an 'EE' monogram, 'RISE ABOVE' beneath; class and appellation in a thin handwritten script over the painting ('Cabernet Sauvignon / Paso Robles / 2025'); the only alcohol/net line is very small, widely tracked grey caps along the bottom edge: '750 ML PRODUCT OF CALIFORNIA USA  ABV 14.1%'. Image 2 back (892x1498): tasting paragraph and a script line over the same painting; warning in a thin rule box in tracked caps; bottom in tiny tracked caps: 'MEVUSHAL AND KOSHER FOR PASSOVER', 'BOTTLED BY ESCALADE / KING CITY CA', 'CONTAINS SULFITES', barcode, kosher marks. Filed class is dessert wine; the label designates Cabernet Sauvignon. · filed brand 'ESCALADE', class 'DESSERT /PORT/SHERRY/(COOKING) WINE', origin 'CALIFORNIA'"
26265001000453,import,PIAZZO COMM. ARMANDO,RED WINE,"ALC.14,5 % BY VOL.",750 ML.,"GOOD EARTH WINES LTD, CHICAGO, IL 60626",Italy,,"Image 1 (886x1122) is the back label, black on white: a small curved 'DAI PODERI D'MUGIOT®' over an ox-cart drawing, 'PIAZZO' in serif caps with 'COMM. ARMANDO' beneath (the brand lockup), 'BAROLO' in spaced caps, 'DENOMINAZIONE DI ORIGINE CONTROLLATA E GARANTITA', 'VALENTE' in spaced serif caps (fanciful/vineyard name), '2022', 'ESTATE BOTTLED BY PIAZZO Comm. ARMANDO - ALBA - ITALY', 'RED WINE  -  PRODUCT OF ITALY', a short paragraph, then 'ALC.14,5 % BY VOL.' (comma decimal, space before the percent sign), 'CONTAINS SULFITES' and 'NET CONT. 750 ML.' on one line, the government warning (with the misprint 'YOURS ABILITY'), 'www.piazzo.it', an SQNPI sustainability seal, 'IMPORTED BY: GOOD EARTH WINES LTD CHICAGO, IL 60626' (importer used for the bottler field), 'L.BR22/2' and a barcode. Image 2 (528x481) is the front: dark-brown type on a tan ground with a dotted border; the same ox-cart and 'PIAZZO COMM. ARMANDO' lockup, 'VALENTE' spaced, 'BAROLO' and the DOCG line; no alcohol or volume on the front. The filed class is DESSERT/PORT/SHERRY wine but the label says 'RED WINE' / 'BAROLO' at 14.5%. · filed brand 'PIAZZO COMM. ARMANDO', class 'DESSERT /PORT/SHERRY/(COOKING) WINE', origin 'ITALY'"
26265001000576,import,JUAN BENEGAS,MALBEC,ALC. 14% BY VOL.,750 ML,"GRAPE EXPECTATIONS, INC RICHMOND, CALIFORNIA",Argentina,,"Image 1 (553x664) is the back label, blue type on white with a blue diagonal ribbon top-right: a heart/B monogram, 'JUAN BENEGAS' in spaced serif caps, a paragraph about the Malbec blend, 'Winemaker: Federico Benegas Lynch', 'Ageing: 4 months in French oak barrels', 'RED WINE 100 % MALBEC, MENDOZA. PRODUCT OF ARGENTINA.', 'ESTATE, GROWN AND BOTTLED BY BENEGAS S.A. BGA. INV Nº A-71777 EXP. Nº B-87508. Araoz 1600, Luján de Cuyo, Mendoza, Argentina.', '750 ML / WWW.BENEGASWINERY.COM', 'ALC. 14% BY VOL.' in black, 'GRAPE' in a box with 'IMPORTED BY: GRAPE EXPECTATIONS, INC RICHMOND, CALIFORNIA', 'CONTAINS SULFITES', the government warning, a vertical barcode and 'VINO ARGENTINO BEBIDA NACIONAL' rotated. Image 2 (846x833) is the front: a red monogram, a faint blue engraving of winery buildings, 'JUAN BENEGAS' in large gold serif caps, 'MALBEC' in red spaced caps, '2024', 'MENDOZA · ARGENTINA'. Bottler field holds the importer; producer is Benegas S.A., Luján de Cuyo, Mendoza. Class statement 'RED WINE' appears on the back; 'MALBEC' is the varietal on both. · filed brand 'JUAN BENEGAS', class 'TABLE RED WINE', origin 'ARGENTINA'"
26265001000737,import,MAS DOIX,PRIORAT RED WINE,ALC. 14.5% BY VOL.,750 ML.,"Celler Mas Doix S.L., RE 29.020.00.CAT.ES/L-2.Poboleda.Priorat.Spain.",Spain,brand_name=review,"Image 1 is the US back label, thin sans capitals on white with a magenta border: 'LES CRESTES 2025 - CELLER MAS DOIX', 'IMPORTED BY EUROPVIN USA, VAN NUYS, CALIFORNIA', 'PRIORAT RED WINE' and 'PRODUCT OF SPAIN' side by side, 'ALC. 14.5% BY VOL., 750 ML.' and 'CONTAINS SULFITES', a recycling mark, the government warning (condensed, with the typo 'BEACUSE' as printed), a barcode, 'IA HI 5c ME VT 15c', 'CA CRV', and a bottom line 'Produced and bottled by Celler Mas Doix S.L., RE 29.020.00.CAT.ES/L-2.Poboleda.Priorat.Spain.'. Image 2 is the front: a small gold emblem, 'MAS DOIX' in small letter-spaced capitals at the top, a drawing of a bird with a red crest and vine leaves, the fanciful name 'LES CRESTES' large in letter-spaced serif capitals, '2025', 'Priorat' in a tall thin script, 'DENOMINACIO D'ORIGEN QUALIFICADA' (with an accent on the O as printed). Filed brand 'MAS DOIX' is printed small on the front and inside 'CELLER MAS DOIX' on the back; the dominant name is 'LES CRESTES'. Filed class is 'DESSERT /PORT/SHERRY/(COOKING) WINE' but the label designates 'PRIORAT RED WINE' at 14.5%. · filed brand 'MAS DOIX', class 'DESSERT /PORT/SHERRY/(COOKING) WINE', origin 'SPAIN'"
26265001000813,wine,URBAN Soigné,RED WINE,12.0% ALC. BY VOL.,750 ML,"URBAN LOTT Chicago, IL",,brand_name=review,"Single wrap on a black leather texture with gold rules. Centre: URBAN in white letter-spaced caps over Soigné in a gold art-deco display face built from circles and strokes (unlikely to OCR); a plain small URBAN SOIGNÉ in gold caps sits top-left under a sun mark. Sweet in red brush script, RED WINE in white letter-spaced caps, then 12.0% ALC. BY VOL. | 750 ML small and letter-spaced. Left column: description, VINTED & BOTTLED BY URBAN LOTT Chicago, IL, WWW.URBANLOTT.COM. Right: BOLD ROOTS. BRIGHTER TOMORROWS., description, warning, RED WINE – AMERICAN, CONTAINS SULFITES, barcode. · filed brand 'URBAN SOIGNÉ', class 'TABLE RED WINE', origin 'AMERICAN'"
26265001000855,wine,MARTINEZ & MARTINEZ,RED WINE,14% ALC/VOL,750 ML,"MARTINEZ & MARTINEZ, PROSSER, WA",,brand_name=review,"Image 2 is the front (900x1500): cream ground with a white olive-branch pattern; 'Maeve' in yellow script (low contrast) over 'ELEANOR' in grey letterspaced caps; 'RED BLEND' in dark-red bold caps and 'HORSE HEAVEN HILLS' at the bottom. Image 1 is the back (900x1500): 'Maeve's' yellow script with 'Italian Bistro' script beneath; 'RED WINE' dark-red caps over 'HORSE HEAVEN HILLS'; paragraph; 'PRODUCED & BOTTLED BY MARTINEZ & MARTINEZ, PROSSER, WA' in condensed caps; warning; '750 ML | 14% ALC/VOL | CONTAINS SULFITES'. The filed brand 'MARTINEZ & MARTINEZ' is printed only inside the bottler line; the front headline is the fanciful 'Maeve Eleanor'. Front prints 'RED BLEND'; back prints 'RED WINE'. Alcohol and net contents only on the back. · filed brand 'MARTINEZ & MARTINEZ', class 'TABLE RED WINE', origin 'WASHINGTON'"
26265001000907,wine,BRANDON GREGORY,CHARDONNAY,ALCOHOL 14% BY VOL.,750 ML,"BRANDON GREGORY ESTATE LLC, NAPA, CALIFORNIA",,brand_name=review,"Image 1 (942x1167) is the back label, white type on black: 'BRANDON GREGORY' in large widely letter-spaced serif caps on two lines, 'ILLATION' (fanciful name) spaced, '2025', then spaced caps 'BRANDON GREGORY ILLATION / CHARDONNAY / KNIGHTS VALLEY, SONOMA COUNTY', 'PRODUCED & BOTTLED BY / BRANDON GREGORY ESTATE LLC / NAPA, CALIFORNIA', '95 CASES PRODUCED', 'CA CRV' large, one condensed line 'ALCOHOL 14% BY VOL.   750 ML   CONTAINS SULFITES', and the government warning. Image 2 (1922x2026) is the front: a gold wagon-wheel illustration on pale grey, 'ILLATION' in widely spaced grey caps, '2025' in red, and 'BROOKSHIRE' in spaced grey caps on a separate strip at the bottom; the brand name does not appear on the front at all. The filed class TABLE WHITE WINE is expressed only by the varietal 'CHARDONNAY'. · filed brand 'BRANDON GREGORY', class 'TABLE WHITE WINE', origin 'CALIFORNIA'"
26266001000072,import,Dom Pérignon,Champagne,ALC.12.5% BY VOL.,750 ML,"SOIN DU VIN, SEATTLE, WA, USA",France,,"Image 1 (909x521) is a typed back strip label, black on white: 'DOM PÉRIGNON' in spaced serif caps top-left and 'AOC CHAMPAGNE' with a glass icon top-right, the government warning, a table 'CONTAINS SULFITES | PRODUCT OF FRANCE' / 'SPARKLING WINE | Alc. 11–14% by Volume | Contents 750ml', and 'IMPORTED BY SOIN DU VIN, SEATTLE, WA, USA   CA CRV'. Image 2 (568x620) is a scanned photo of the genuine gold shield front label: 'Dom Pierre PÉRIGNON · Hautvillers Appd. 1668' in an ornate cartouche, 'Champagne' in script, 'Dom Pérignon' in large script, 'Vintage 2002', a star, 'ALC.12.5% BY VOL.' and '750 ML' in small curved type, 'Brut' in script, and curved around the rim 'PRODUCED BY CHAMPAGNE MOËT & CHANDON   EPERNAY - FRANCE - NM-549-002 - PRODUCT OF FRANCE'. The two images give different alcohol statements (12.5% on the front, '11–14%' range on the back strip) and the back uses 'SPARKLING WINE' while the front says 'Champagne'. Front is small and the text is curved/script; bottler field holds the importer; producer Champagne Moët & Chandon, Epernay. · filed brand 'DOM PERIGNON', class 'SPARKLING WINE/CHAMPAGNE', origin 'FRANCE'"
26266001000085,import,ÇA ROULE,WHITE WINE,ALC. 12.5% BY VOL.,750ML,"IDEAL WINE & SPIRITS CO., INC., MEDFORD, MA 02155",France,,"Image 1 is the back label (3372 x 4500), dark green on cream with a rounded green border: 'ÇA ROULE' (C with cedilla) very large in a chunky hand-drawn display face, 'SAUVIGNON BLANC - VAL DE LOIRE - 2025' letter-spaced, an orange rule, five tasting lines in bold lowercase ('grapefruit.' ... 'no fuss, no ceremony.'), 'ÇA ROULE (sah-ROOL)' and 'French for ""it's all good""' in orange, then condensed capitals 'WHITE WINE - PRODUCT OF FRANCE - ALC. 12.5% BY VOL. - 750ML' on one line with bullet separators, 'IMPORTED BY: IDEAL WINE & SPIRITS CO., INC., MEDFORD, MA 02155', 'CONTAINS SULFITES', the government warning in a rounded box, and a barcode. Image 2 is the front: 'VAL DE LOIRE' letter-spaced, 'ÇA ROULE' huge in the same display face, 'SAUVIGNON BLANC', and a flat illustration of green hills, an orange sun and a winding cream road, with '2025' at the bottom. No producer line, only the importer. Varietal 'SAUVIGNON BLANC' is on both labels; 'WHITE WINE' only on the back. · filed brand 'CA ROULE', class 'TABLE WHITE WINE', origin 'FRANCE'"
26266001000127,import,VEUVE DU VERNAY,SPARKLING WINE,ALC 11% BY VOL.,187ML,"BGPL-USA, INC.MIAMI,FL",France,,"Image 3 front: dark red serif VEUVE DU VERNAY (DU in small caps) on pink with a gold vine crest, FRANCE arched at top, ICE ROSÉ in gold letter-spaced caps, gold band CLASSIQUE & ÉLÉGANT; tiny vertical print code 0926 ET3348. Image 1 back, brown on pink: VEUVE DU VERNAY, ICE ROSE DEMI SEC (no accent), SPARKLING WINE, VIN DE FRANCE, 50% CINSAULT, 25% CABERNET SAUVIGNON, 25% GAMAY, ÉLABORÉ PAR SOREVI, ROUTE DE CHALLANGES, F 21200, IMPORTED BY BGPL-USA, INC.MIAMI,FL (no spaces after the periods or comma), sugar line, social handles, PRODUCT OF FRANCE, warning, bottom line 187ML - ALC 11% BY VOL. - CONTAINS SULFITES, CA CRV large, vertical barcode. Image 2 neck collar: VEUVE DU VERNAY in gold with the crest, plus printer notes N°1005 COL KRITER rotation 2,5 outside the label. · filed brand 'VEUVE DU VERNAY', class 'SPARKLING WINE/CHAMPAGNE', origin 'FRANCE'"
26266001000225,import,Bunnahabhain,ISLAY SINGLE MALT SCOTCH WHISKY,46.3% alc./vol.,750ml,"TERLATO ARTISAN SPIRITS, LAKE BLUFF, IL",Scotland,,"Three small images. Image 1 (468x323): shield-shaped front/neck label, black ground, gold helmsman roundel 'ESTABLISHED 1881', brand 'Bunnahabhain' (with TM) in white calligraphic serif, 'ISLAY SINGLE MALT SCOTCH WHISKY' in letterspaced caps. Image 2 (885x422): red-brown panel with 'Small Batch Distilled' in gold script, large white '12' with 'YEARS OLD', tasting notes, and a dark-gold footer '46.3% alc./vol.' (left), 'NO ADDED COLOUR NON-CHILL FILTERED / PRODUCT OF SCOTLAND' (centre), '750ml' (right) in condensed caps. Image 3 (681x715): back label, black ground; brand and class repeated; gold paragraph and quotation; 'DISTILLED, MATURED & BOTTLED IN SCOTLAND THE BUNNAHABHAIN DISTILLERY CO, BUNNAHABHAIN, ISLE OF ISLAY, SCOTLAND'; 'Imported by: TERLATO ARTISAN SPIRITS LAKE BLUFF, IL'; '750 ml' and '46.3% alc./vol.' in white; 'Product of Scotland'; warning; 'CA CRV ME 15¢ IA 5¢'; barcode. Importer used as bottler line. · filed brand 'BUNNAHABHAIN', class 'SINGLE MALT SCOTCH WHISKY', origin 'SCOTLAND'"
26266001000553,import,KIREI MANNEN JUNMAI GINJO,Japanese Sake,17% alc./vol.,720ml,"KOMOLO INC., JESSUP, MD",Japan,,"Image 1 (572x665, small) is the English back label, bold black sans on white: 'KIREI MANNEN' large, 'JUNMAI GINJO' smaller beneath it, 'Japanese Sake', 'PRODUCED BY: KIREI SHUZO CO., LTD. HIROSHIMA, JAPAN', a blue underlined URL, 'IMPORTED BY KOMOLO INC., JESSUP, MD', 'PRODUCT OF JAPAN', a blue italic tagline, a 'Flavor Index' with four dotted scales, 'Chilled / Room Temperature / Warmed' symbols, a small hexagonal Japanese seal, a barcode, '17% alc./vol. 720ml (24 fl oz)' (second volume figure 24 fl oz) and the government warning in small caps (with the misprint 'MACHINARY'). Image 2 (496x352, small, slightly blurred photo) is the front: large gold Japanese seal-script calligraphy on a red ground with small vertical Japanese text giving the producer and '内容量720ml'; no Latin brand, class or alcohol on the front. The filed brand includes JUNMAI GINJO, which is printed as a second smaller line under KIREI MANNEN. · filed brand 'KIREI MANNEN JUNMAI GINJO', class 'SAKE - IMPORTED', origin 'JAPAN'"
26266001000580,beer,Seedz,6 Row Keller Pilsner Lager,4.6 % Alc. By Vol.,1 Pint (16.0 Fl. Oz.),"SEEDZ BREWERY UNION PIER, MI",,brand_name=review,"Single image (2400x1650), a can wrap: gold-and-white pinstripes on the top half, solid mustard gold below. A white shield in the centre with a red wax-seal emblem (crossed sabres and a bottle), wheat ears, 'The Cut' (fanciful name) in large gold brushy display caps, '6 Row Keller Pilsner Lager' in red italic serif, '4.6 % / Alc. By Vol.' (two lines, left) and '1 Pint / (16.0 Fl. Oz.)' (two lines, right) in red. Below the shield: 'Seedz' as a white hand-drawn script signature with 'BREWERY' small beneath. Curving along the left and bottom of the shield in white caps: 'BREWED AND BOTTLED BY SEEDZ BREWERY UNION PIER, MI | MI: 10 CENT DEPOSIT'. Right side, rotated 90 degrees: the government warning in small white caps. The filed brand 'SEEDZ BREWERY' is printed only as a script logo and inside the curved bottler line; 'The Cut' is the dominant text. Filed fanciful 'THE CUT- 6 ROW KELLER PILSNER LAGER'; filed class BEER. No metric volume. · filed brand 'SEEDZ BREWERY', class 'BEER', origin 'MICHIGAN'"
26266001000734,beer,BAY AREA BREWING COMPANY,FESTBIER LAGER,6.5% ALC/VOL,15.5 U.S. GALLONS,"BAY AREA BREWING COMPANY 525 W. MARKET ST ROCKPORT, TX.,78382",,brand_name=review;class_type=review,"Single small image (about 600 px) of a round keg collar, black on white. Month abbreviations JAN-DEC curve around the top and day numbers 1-31 around the bottom. Top: 'Batch #' with an empty oval, 'Net Contents:' with four checkboxes '15.5 U.S. GALLONS', '13.21 U.S. GALLONS', '5.16 U.S. GALLONS' and a blank (none ticked). Left of the black band: '6.5' written over an underline before a printed '% ALC/VOL' (the figure is filled in, in a different face). The black band holds the government warning (left) and 'ATTENTION - READ BEFORE TAPPING' text (right) in white. Below: 'BAY AREA BREWING COMPANY / 525 W. MARKET ST / ROCKPORT, TX.,78382' in a wide letter-spaced face (no verb phrase; name and address only) and the fanciful name 'FESTBIER LAGER' in a larger plain sans. The brand is the same size as the address lines, not a display element; the class word 'LAGER' appears only within 'FESTBIER LAGER'. Net contents is a checkbox option, first option transcribed. · filed brand 'BAY AREA BREWING COMPANY', class 'BEER', origin 'TEXAS'"
26266001000736,wine,SPECIALLY Selected,CABERNET SAUVIGNON,ALC. 13.5% BY VOL.,750ML,"SPECIALLY SELECTED WINES, GEYSERVILLE & MANTECA, CA",,,"Image 1 front: SPECIALLY in caps over Selected® in italic (logo), CABERNET SAUVIGNON in dark red letter-spaced caps, Napa Valley in script, 2024, grapevine line art in the corners; a second small strip label below with a tasting note in script. Image 2 back: the same logo on one line, CABERNET SAUVIGNON, Napa Valley 2024 in script, description, STYLE / AROMAS / PAIRING in bold with italic answers, warning, ALC. 13.5% BY VOL. | 750ML | CONTAINS SULFITES, BOTTLED BY SPECIALLY SELECTED WINES, GEYSERVILLE & MANTECA, CA, recycle note, barcode, CA CRV, ME 15¢ IA 5¢. · filed brand 'SPECIALLY SELECTED', class 'TABLE RED WINE', origin 'CALIFORNIA'"
26266001000795,spirits,FRANKIE'S ROOSTER CLAW,VODKA,80 PROOF • 40% ALC/VOL,50 ML,FRANKIES FARM LLC IN DENVER COLORADO,,,"Single wrap (2400x1200), cream letterpress-style text on a solid red ground. Centre shield: 'FRANKIE'S' in distressed condensed caps, a rooster illustration, 'ROOSTER CLAW' on a curved cream ribbon banner held by claws, 'VODKA' in large distressed caps, then '80 PROOF · 40% ALC/VOL · 50 ML' and 'MADE FROM CORN' in small type. Left panel: flag, 'PROUD TO BE AMERICAN', 'FOUNDED IN THE GREAT STATE OF IDAHO BY A GUY WHO LIKES TO DRINK'. Right panel: warning, barcode, 'DISTILLED IN KY. / BOTTLED BY / FRANKIES FARM LLC / IN DENVER COLORADO'. Apostrophe in the brand is part of the distressed display face. · filed brand ""FRANKIE'S ROOSTER CLAW"", class 'VODKA 80-89 PROOF', origin 'COLORADO'"
26267001000333,beer,REVOLUTION BREWING,MILK STOUT,7.0% ALC/VOL,16 FL OZ · 1 PINT,"REVOLUTION BEER LLC, 3340 N. KEDZIE AVE. / CHICAGO, IL 60618",,,"Single can wrap (2449x1737) on a dark charcoal ground with a comic-style illustration of a zombie cow in flames. All mandatory text is in a rounded black panel at the left in white/cream condensed caps: the 'REVOLUTION BREWING' logo (red star with a fist and wheat) at the top, 'PROUDLY BREWED ONLY IN CHICAGO', boxed 'MAD COW' in red (fanciful name) over boxed 'MILK STOUT', then '16 FL OZ · 1 PINT' and '7.0% ALC/VOL' in two boxes, 'CONTAINS LACTOSE', 'BREWED BY REVOLUTION BEER LLC / 3340 N. KEDZIE AVE. / CHICAGO, IL 60618', the government warning and a barcode. 'MAD COW' is repeated in huge red brush-lettered caps rotated 90 degrees (reading top to bottom) along the right edge. Both volume figures are US (no metric). The filed class STOUT is printed as 'MILK STOUT'; the brewer's legal name (Revolution Beer LLC) differs from the brand (Revolution Brewing). · filed brand 'REVOLUTION BREWING', class 'STOUT', origin 'ILLINOIS'"
26268001000034,import,DOMAINE CHANSON,RED WINE,ALC.12.5% BY VOL,750 ML,"OENOTECA, HOUSTON, TX",France,,"Image 1 (630x337) is a small, apparently screen-captured front label (a Google Lens icon is visible bottom-left): over a faint engraving of a building and trees, 'DOMAINE CHANSON' with 'En Bourgogne depuis 1750', 'Clos des Fèves' (fanciful name) in large serif, 'MONOPOLE' in blue, 'BEAUNE PREMIER CRU', and a blue crest at right; no alcohol or net contents. Image 2 (1800x1200) is a typed back label, black sans on white: 'DOMAINE CHANSON', 'CLOS DES FEVES' (no accent), 'BEAUNE', 'ACQUIRED FROM A PRIVATE CELLAR', a gold monogram, 'IMPORTED BY: OENOTECA, HOUSTON, TX' in large caps, 'NET CONT. 750 ML', 'ALC.12.5% BY VOL', 'CONTAINS SULFITES', 'PRODUCT OF FRANCE', 'RED WINE', and the government warning. No producer address is printed beyond 'En Bourgogne depuis 1750'. Front image is low resolution. · filed brand 'DOMAINE CHANSON', class 'TABLE RED WINE', origin 'FRANCE'"
26268001000467,import,STONE HOUSE VINTNERS,GRENACHE BLANC,ALC. 12% BY VOL.,750mL,"STONE HOUSE VINTNERS 16 SOUTH TERRACE, ADELAIDE S.A. 5000",Australia,,"Both images are small (front 415 x 400, back 366 x 416) and the back-label print is tiny; all text is white or gold on black. Image 1 is the front: a gold row of cypress trees, 'STONE HOUSE' in white letter-spaced serif capitals with 'VINTNERS' small beneath, 'GRENACHE BLANC' in bold gold, 'BAROSSA VALLEY', '2026', a round 'SPECIAL RESERVE / SH / ESTD 2003' seal, and a gold wave shape across the lower right. Image 2 is the back: a small tree logo with 'STONE HOUSE VINTNERS', 'SPECIAL RESERVE', 'GRENACHE BLANC / BAROSSA VALLEY / 2026', an italic tasting paragraph, the government warning, 'CONTAINS SULFITES', then in very small condensed gold capitals 'PRODUCED BY STONE HOUSE VINTNERS / 16 SOUTH TERRACE, ADELAIDE S.A. 5000', 'IMPORTED BY STONE HOUSE VINEYARD / SPICEWOOD, TX', 'PRODUCT OF AUSTRALIA', 'ALC. 12% BY VOL. CONTENT 750mL'. Alcohol and net contents appear only in that tiny bottom block of the back label (confirmed by enlarging). Filed class 'TABLE WHITE WINE'; label designates the varietal only. · filed brand 'STONE HOUSE VINTNERS', class 'TABLE WHITE WINE', origin 'AUSTRALIA'"
26268001000478,wine,Bally's,Moscato,ALC. 12.0% BY VOL.,750ML,"BROKEN EARTH WINERY TEMPLETON, CA",,,"Image 2 front: Bally's in a large red casino-style script on a black chevron pattern; red band with 2021 / Moscato in black serif. Image 1 back, white on black: Bally's script, 2021 Moscato Paso Robles, description in serif, red rule, CELLARED & BOTTLED BY BROKEN EARTH WINERY TEMPLETON, CA, BROKENEARTHWINERY.COM, warning in condensed caps, CONTAINS SULFITES, ALC. 12.0% BY VOL. | 750ML in small caps, CA CRV, vertical barcode. Filed class is TABLE WHITE WINE; the label designates it Moscato. · filed brand ""BALLY'S"", class 'TABLE WHITE WINE', origin 'CALIFORNIA'"
26271001000514,import,KONRAD GRASER,FRANCONIAN PILSENER,5.1% ALC./VOL.,1 PINT 0.9 FL.OZ.,"BRAUEREI HELLER-TRUM, BAMBERG, GERMANY",Germany,,"Image 1 (1068x1372) is the front on cream: 'KONRAD GRASER' in large dark serif caps ('KONRAD' smaller above 'GRASER'), a tagline 'FORGOTTEN BREWING TECHNIQUES, BROUGHT BACK TO LIFE THROUGH A CENTURIES-OLD HANDWRITTEN FAMILY RECIPE BOOK.', 'Fränkisches Pils' in green handwriting script, 'THE LOST LEGACY OF ROASTED HOPS', a green shield emblem, a green engraving of hop pickers, and at the bottom '1 PINT 0.9 FL.OZ. OF BEER' in thin caps over the illustration. Image 2 (914x1263) is the back: a green heading 'The Lost Legacy of Roasted Hops.', a paragraph mentioning 'Franconian Pilsener', a signature 'Matthias Trum Great-great-great-grandson of Konrad Graser', the government warning, 'BREWED & BOTTLED BY BRAUEREI HELLER-TRUM, BAMBERG, GERMANY. IMPORTED BY B. UNITED INTERNATIONAL INC., OXFORD CT 06478', 'PRODUCT OF GERMANY', '5.1% ALC./VOL.', 'CA. REDEMPTION VALUE' deposit codes and a barcode. Image 3 (1078x496) is a curved neck label photographed on the bottle: a green portrait and 'FRANCONIAN PILSENER' in dark caps on a curved cream banner. The filed brand 'KONRAD GRASER FRÄNKISCHES PILS FRANCONIAN PILSENER' is a composite; printed brand is 'KONRAD GRASER'. Class words: 'FRANCONIAN PILSENER' (neck), 'Fränkisches Pils' (script), 'OF BEER' (front); filed class BEER. No metric volume. Importer: B. United International Inc., Oxford CT 06478. · filed brand 'KONRAD GRASER FRÄNKISCHES PILS FRANCONIAN PILSENER', class 'BEER', origin 'GERMANY'"
26271001000532,beer,Mieza Blendery,Dry Hopped Peach Sour Beer,4.91%,5.16 Gal,"Mieza Blendery 4601 Eisenhower Ave STE 109 Alexandria, VA",,brand_name=review;class_type=review,"Single image (2485 x 2512) of a round keg collar, black on white with magenta dotted and green guide circles (print marks). Month abbreviations curve around the top and day numbers 1-31 around the bottom. Centre top: the fanciful name 'Sulking In The Brush' in a plain sans, then 'Dry Hopped Peach Sour Beer -4.91%' in smaller type (the alcohol figure is given only as '-4.91%' with no 'alc/vol' wording). A black band around the centre hole carries the government warning (left) and 'ATTENTION - READ BEFORE TAPPING' text (right) in white. Bottom: 'Brewed & Packed by:' then in bold 'Mieza Blendery / 4601 Eisenhower Ave STE 109 / Alexandria, VA / 5.16 Gal'. The filed brand 'MIEZA BLENDERY' is printed only inside the bottler statement; the class words appear only within the longer flavor phrase. · filed brand 'MIEZA BLENDERY', class 'MALT BEVERAGES SPECIALITIES - FLAVORED', origin 'VIRGINIA'"
26271001000534,beer,SUNSHINY DAYDREAMS,ALE,4% ALC/VOL,1 PINT | 16 fl. oz.,PARLEAUX BEER LAB NEW ORLEANS | LOUISIANA,,,"Single can wrap over a saturated green/yellow/blue watercolour with dark-blue geometric line art. Brand and brewery are set in circular arcs around a hop emblem: PARLEAUX BEER LAB (top arc), SUNSHINY DAYDREAMS (bottom arc), NEW ORLEANS · LOUISIANA, and an outer ring FOEDER AGED BERLINER WEISSE SOUR ALE CONDITIONED ON ORANGE & MANGO (the full style statement, curved). The plain class ALE and Product of the USA are in a typewriter face bottom-left (domestic, so no country recorded), with the warning below. The required line 1 PINT | 16 fl. oz.  4% ALC/VOL is tiny under the roundel (both US figures). Top right in bold caps: BREWED & CANNED BY PARLEAUX BEER LAB NEW ORLEANS | LOUISIANA, DESIGN: LOST DOG DESIGN CO. Filed class is MALT BEVERAGES SPECIALITIES - FLAVORED. · filed brand 'SUNSHINY DAYDREAMS', class 'MALT BEVERAGES SPECIALITIES - FLAVORED', origin 'LOUISIANA'"
